node_id:ID(CapabilityNode),name,slug,domain,graph_id,family_id,family_name,implementation_state,node_directory,support_tier,maturity_state,supported_profiles:string[],evidence_class,node_package_shape,dependency_count:int,declared_artifact_file_count:int,artifact_file_count:int,status_count:int,statuses:string[],verification_gate_count:int,verification_gate_types:string[],failure_mode_count:int,direct_accuracy_threshold:float,explanation_required:boolean,transfer_required:boolean,retention_check_days:int,:LABEL
A1,interdisciplinary_research_and_evidence_synthesis,a1-interdisciplinary-research-and-evidence-synthesis,social_studies,master_knowledge_graph,A,advanced_secondary_synthesis_and_public_argument,drafted,a1-interdisciplinary-research-and-evidence-synthesis,Incubation,Drafted,social-studies-interdisciplinary-synthesis-node-package,Synthetic,mastery-node-config,5,0,15,5,blocked;emerging;provisional;secure;unstable,4,direct_performance;meaning;transfer;retention,4,0.85,true,true,14,CapabilityNode;SocialStudiesNode
A1A,interdisciplinary_research_and_evidence_synthesis_foundations_and_examples,a1a-interdisciplinary-research-and-evidence-synthesis-foundations-and-examples,social_studies,master_knowledge_graph,A,advanced_secondary_synthesis_and_public_argument,drafted,a1a-interdisciplinary-research-and-evidence-synthesis-foundations-and-examples,Incubation,Drafted,capstone-decomposition-node-package,Synthetic,mastery-node-config,0,0,15,5,blocked;emerging;provisional;secure;unstable,4,direct_performance;meaning;transfer;retention,4,0.85,true,true,14,CapabilityNode;SocialStudiesNode
A1B,interdisciplinary_research_and_evidence_synthesis_classification_and_organization,a1b-interdisciplinary-research-and-evidence-synthesis-classification-and-organization,social_studies,master_knowledge_graph,A,advanced_secondary_synthesis_and_public_argument,drafted,a1b-interdisciplinary-research-and-evidence-synthesis-classification-and-organization,Incubation,Drafted,capstone-decomposition-node-package,Synthetic,mastery-node-config,1,0,15,5,blocked;emerging;provisional;secure;unstable,4,direct_performance;meaning;transfer;retention,4,0.85,true,true,14,CapabilityNode;SocialStudiesNode
A1C,interdisciplinary_research_and_evidence_synthesis_explanation_and_application,a1c-interdisciplinary-research-and-evidence-synthesis-explanation-and-application,social_studies,master_knowledge_graph,A,advanced_secondary_synthesis_and_public_argument,drafted,a1c-interdisciplinary-research-and-evidence-synthesis-explanation-and-application,Incubation,Drafted,capstone-decomposition-node-package,Synthetic,mastery-node-config,1,0,15,5,blocked;emerging;provisional;secure;unstable,4,direct_performance;meaning;transfer;retention,4,0.85,true,true,14,CapabilityNode;SocialStudiesNode
A2,capstone_argument_modeling_and_public_communication,a2-capstone-argument-modeling-and-public-communication,social_studies,master_knowledge_graph,A,advanced_secondary_synthesis_and_public_argument,drafted,a2-capstone-argument-modeling-and-public-communication,Incubation,Drafted,social-studies-capstone-public-argument-node-package,Synthetic,mastery-node-config,5,0,15,5,blocked;emerging;provisional;secure;unstable,4,direct_performance;meaning;transfer;retention,4,0.85,true,true,14,CapabilityNode;SocialStudiesNode
A2A,capstone_argument_modeling_and_public_communication_foundations_and_examples,a2a-capstone-argument-modeling-and-public-communication-foundations-and-examples,social_studies,master_knowledge_graph,A,advanced_secondary_synthesis_and_public_argument,drafted,a2a-capstone-argument-modeling-and-public-communication-foundations-and-examples,Incubation,Drafted,capstone-decomposition-node-package,Synthetic,mastery-node-config,0,0,15,5,blocked;emerging;provisional;secure;unstable,4,direct_performance;meaning;transfer;retention,4,0.85,true,true,14,CapabilityNode;SocialStudiesNode
A2B,capstone_argument_modeling_and_public_communication_classification_and_organization,a2b-capstone-argument-modeling-and-public-communication-classification-and-organization,social_studies,master_knowledge_graph,A,advanced_secondary_synthesis_and_public_argument,drafted,a2b-capstone-argument-modeling-and-public-communication-classification-and-organization,Incubation,Drafted,capstone-decomposition-node-package,Synthetic,mastery-node-config,1,0,15,5,blocked;emerging;provisional;secure;unstable,4,direct_performance;meaning;transfer;retention,4,0.85,true,true,14,CapabilityNode;SocialStudiesNode
A2C,capstone_argument_modeling_and_public_communication_explanation_and_application,a2c-capstone-argument-modeling-and-public-communication-explanation-and-application,social_studies,master_knowledge_graph,A,advanced_secondary_synthesis_and_public_argument,drafted,a2c-capstone-argument-modeling-and-public-communication-explanation-and-application,Incubation,Drafted,capstone-decomposition-node-package,Synthetic,mastery-node-config,1,0,15,5,blocked;emerging;provisional;secure;unstable,4,direct_performance;meaning;transfer;retention,4,0.85,true,true,14,CapabilityNode;SocialStudiesNode
C1,community_rules_roles_and_fairness,c1-community-rules-roles-and-fairness,social_studies,master_knowledge_graph,C,civics_and_collective_decision_making,drafted,c1-community-rules-roles-and-fairness,Incubation,Drafted,civics-entry-node-package,Synthetic,mastery-node-config,1,0,15,5,blocked;emerging;provisional;secure;unstable,4,direct_performance;meaning;transfer;retention,4,0.85,true,true,14,CapabilityNode;SocialStudiesNode
C1A,community_rules_roles_and_fairness_foundations_and_examples,c1a-community-rules-roles-and-fairness-foundations-and-examples,social_studies,master_knowledge_graph,C,civics_and_collective_decision_making,drafted,c1a-community-rules-roles-and-fairness-foundations-and-examples,Incubation,Drafted,civics-decomposition-node-package,Synthetic,mastery-node-config,0,0,15,5,blocked;emerging;provisional;secure;unstable,4,direct_performance;meaning;transfer;retention,4,0.85,true,true,14,CapabilityNode;SocialStudiesNode
C1B,community_rules_roles_and_fairness_classification_and_organization,c1b-community-rules-roles-and-fairness-classification-and-organization,social_studies,master_knowledge_graph,C,civics_and_collective_decision_making,drafted,c1b-community-rules-roles-and-fairness-classification-and-organization,Incubation,Drafted,civics-decomposition-node-package,Synthetic,mastery-node-config,1,0,15,5,blocked;emerging;provisional;secure;unstable,4,direct_performance;meaning;transfer;retention,4,0.85,true,true,14,CapabilityNode;SocialStudiesNode
C1C,community_rules_roles_and_fairness_explanation_and_application,c1c-community-rules-roles-and-fairness-explanation-and-application,social_studies,master_knowledge_graph,C,civics_and_collective_decision_making,drafted,c1c-community-rules-roles-and-fairness-explanation-and-application,Incubation,Drafted,civics-decomposition-node-package,Synthetic,mastery-node-config,1,0,15,5,blocked;emerging;provisional;secure;unstable,4,direct_performance;meaning;transfer;retention,4,0.85,true,true,14,CapabilityNode;SocialStudiesNode
C1D,community_rules_roles_and_fairness_transfer_and_contextual_use,c1d-community-rules-roles-and-fairness-transfer-and-contextual-use,social_studies,master_knowledge_graph,C,civics_and_collective_decision_making,drafted,c1d-community-rules-roles-and-fairness-transfer-and-contextual-use,Incubation,Drafted,civics-decomposition-node-package,Synthetic,mastery-node-config,1,0,15,5,blocked;emerging;provisional;secure;unstable,4,direct_performance;meaning;transfer;retention,4,0.85,true,true,14,CapabilityNode;SocialStudiesNode
C2,institutions_rights_responsibilities_and_processes,c2-institutions-rights-responsibilities-and-processes,social_studies,master_knowledge_graph,C,civics_and_collective_decision_making,drafted,c2-institutions-rights-responsibilities-and-processes,Incubation,Drafted,civics-process-node-package,Synthetic,mastery-node-config,2,0,15,5,blocked;emerging;provisional;secure;unstable,4,direct_performance;meaning;transfer;retention,4,0.85,true,true,14,CapabilityNode;SocialStudiesNode
C2A,institutions_rights_responsibilities_and_processes_foundations_and_examples,c2a-institutions-rights-responsibilities-and-processes-foundations-and-examples,social_studies,master_knowledge_graph,C,civics_and_collective_decision_making,drafted,c2a-institutions-rights-responsibilities-and-processes-foundations-and-examples,Incubation,Drafted,civics-decomposition-node-package,Synthetic,mastery-node-config,0,0,15,5,blocked;emerging;provisional;secure;unstable,4,direct_performance;meaning;transfer;retention,4,0.85,true,true,14,CapabilityNode;SocialStudiesNode
C2B,institutions_rights_responsibilities_and_processes_classification_and_organization,c2b-institutions-rights-responsibilities-and-processes-classification-and-organization,social_studies,master_knowledge_graph,C,civics_and_collective_decision_making,drafted,c2b-institutions-rights-responsibilities-and-processes-classification-and-organization,Incubation,Drafted,civics-decomposition-node-package,Synthetic,mastery-node-config,1,0,15,5,blocked;emerging;provisional;secure;unstable,4,direct_performance;meaning;transfer;retention,4,0.85,true,true,14,CapabilityNode;SocialStudiesNode
C2C,institutions_rights_responsibilities_and_processes_explanation_and_application,c2c-institutions-rights-responsibilities-and-processes-explanation-and-application,social_studies,master_knowledge_graph,C,civics_and_collective_decision_making,drafted,c2c-institutions-rights-responsibilities-and-processes-explanation-and-application,Incubation,Drafted,civics-decomposition-node-package,Synthetic,mastery-node-config,1,0,15,5,blocked;emerging;provisional;secure;unstable,4,direct_performance;meaning;transfer;retention,4,0.85,true,true,14,CapabilityNode;SocialStudiesNode
C2D,institutions_rights_responsibilities_and_processes_transfer_and_contextual_use,c2d-institutions-rights-responsibilities-and-processes-transfer-and-contextual-use,social_studies,master_knowledge_graph,C,civics_and_collective_decision_making,drafted,c2d-institutions-rights-responsibilities-and-processes-transfer-and-contextual-use,Incubation,Drafted,civics-decomposition-node-package,Synthetic,mastery-node-config,1,0,15,5,blocked;emerging;provisional;secure;unstable,4,direct_performance;meaning;transfer;retention,4,0.85,true,true,14,CapabilityNode;SocialStudiesNode
C3,civic_decision_making_and_deliberation,c3-civic-decision-making-and-deliberation,social_studies,master_knowledge_graph,C,civics_and_collective_decision_making,drafted,c3-civic-decision-making-and-deliberation,Incubation,Drafted,civics-deliberation-node-package,Synthetic,mastery-node-config,2,0,15,5,blocked;emerging;provisional;secure;unstable,4,direct_performance;meaning;transfer;retention,4,0.85,true,true,14,CapabilityNode;SocialStudiesNode
C3A,civic_decision_making_and_deliberation_foundations_and_examples,c3a-civic-decision-making-and-deliberation-foundations-and-examples,social_studies,master_knowledge_graph,C,civics_and_collective_decision_making,drafted,c3a-civic-decision-making-and-deliberation-foundations-and-examples,Incubation,Drafted,civics-decomposition-node-package,Synthetic,mastery-node-config,0,0,15,5,blocked;emerging;provisional;secure;unstable,4,direct_performance;meaning;transfer;retention,4,0.85,true,true,14,CapabilityNode;SocialStudiesNode
C3B,civic_decision_making_and_deliberation_classification_and_organization,c3b-civic-decision-making-and-deliberation-classification-and-organization,social_studies,master_knowledge_graph,C,civics_and_collective_decision_making,drafted,c3b-civic-decision-making-and-deliberation-classification-and-organization,Incubation,Drafted,civics-decomposition-node-package,Synthetic,mastery-node-config,1,0,15,5,blocked;emerging;provisional;secure;unstable,4,direct_performance;meaning;transfer;retention,4,0.85,true,true,14,CapabilityNode;SocialStudiesNode
C3C,civic_decision_making_and_deliberation_explanation_and_application,c3c-civic-decision-making-and-deliberation-explanation-and-application,social_studies,master_knowledge_graph,C,civics_and_collective_decision_making,drafted,c3c-civic-decision-making-and-deliberation-explanation-and-application,Incubation,Drafted,civics-decomposition-node-package,Synthetic,mastery-node-config,1,0,15,5,blocked;emerging;provisional;secure;unstable,4,direct_performance;meaning;transfer;retention,4,0.85,true,true,14,CapabilityNode;SocialStudiesNode
C3D,civic_decision_making_and_deliberation_transfer_and_contextual_use,c3d-civic-decision-making-and-deliberation-transfer-and-contextual-use,social_studies,master_knowledge_graph,C,civics_and_collective_decision_making,drafted,c3d-civic-decision-making-and-deliberation-transfer-and-contextual-use,Incubation,Drafted,civics-decomposition-node-package,Synthetic,mastery-node-config,1,0,15,5,blocked;emerging;provisional;secure;unstable,4,direct_performance;meaning;transfer;retention,4,0.85,true,true,14,CapabilityNode;SocialStudiesNode
C4,constitutional_principles_and_public_policy,c4-constitutional-principles-and-public-policy,social_studies,master_knowledge_graph,C,civics_and_collective_decision_making,drafted,c4-constitutional-principles-and-public-policy,Incubation,Drafted,civics-policy-node-package,Synthetic,mastery-node-config,3,0,15,5,blocked;emerging;provisional;secure;unstable,4,direct_performance;meaning;transfer;retention,4,0.85,true,true,14,CapabilityNode;SocialStudiesNode
C4A,constitutional_principles_and_public_policy_foundations_and_examples,c4a-constitutional-principles-and-public-policy-foundations-and-examples,social_studies,master_knowledge_graph,C,civics_and_collective_decision_making,drafted,c4a-constitutional-principles-and-public-policy-foundations-and-examples,Incubation,Drafted,civics-decomposition-node-package,Synthetic,mastery-node-config,0,0,15,5,blocked;emerging;provisional;secure;unstable,4,direct_performance;meaning;transfer;retention,4,0.85,true,true,14,CapabilityNode;SocialStudiesNode
C4B,constitutional_principles_and_public_policy_classification_and_organization,c4b-constitutional-principles-and-public-policy-classification-and-organization,social_studies,master_knowledge_graph,C,civics_and_collective_decision_making,drafted,c4b-constitutional-principles-and-public-policy-classification-and-organization,Incubation,Drafted,civics-decomposition-node-package,Synthetic,mastery-node-config,1,0,15,5,blocked;emerging;provisional;secure;unstable,4,direct_performance;meaning;transfer;retention,4,0.85,true,true,14,CapabilityNode;SocialStudiesNode
C4C,constitutional_principles_and_public_policy_explanation_and_application,c4c-constitutional-principles-and-public-policy-explanation-and-application,social_studies,master_knowledge_graph,C,civics_and_collective_decision_making,drafted,c4c-constitutional-principles-and-public-policy-explanation-and-application,Incubation,Drafted,civics-decomposition-node-package,Synthetic,mastery-node-config,1,0,15,5,blocked;emerging;provisional;secure;unstable,4,direct_performance;meaning;transfer;retention,4,0.85,true,true,14,CapabilityNode;SocialStudiesNode
C4D,constitutional_principles_and_public_policy_transfer_and_contextual_use,c4d-constitutional-principles-and-public-policy-transfer-and-contextual-use,social_studies,master_knowledge_graph,C,civics_and_collective_decision_making,drafted,c4d-constitutional-principles-and-public-policy-transfer-and-contextual-use,Incubation,Drafted,civics-decomposition-node-package,Synthetic,mastery-node-config,1,0,15,5,blocked;emerging;provisional;secure;unstable,4,direct_performance;meaning;transfer;retention,4,0.85,true,true,14,CapabilityNode;SocialStudiesNode
C5,comparative_government_and_civic_action,c5-comparative-government-and-civic-action,social_studies,master_knowledge_graph,C,civics_and_collective_decision_making,drafted,c5-comparative-government-and-civic-action,Incubation,Drafted,comparative-civics-node-package,Synthetic,mastery-node-config,3,0,15,5,blocked;emerging;provisional;secure;unstable,4,direct_performance;meaning;transfer;retention,4,0.85,true,true,14,CapabilityNode;SocialStudiesNode
C5A,comparative_government_and_civic_action_foundations_and_examples,c5a-comparative-government-and-civic-action-foundations-and-examples,social_studies,master_knowledge_graph,C,civics_and_collective_decision_making,drafted,c5a-comparative-government-and-civic-action-foundations-and-examples,Incubation,Drafted,civics-decomposition-node-package,Synthetic,mastery-node-config,0,0,15,5,blocked;emerging;provisional;secure;unstable,4,direct_performance;meaning;transfer;retention,4,0.85,true,true,14,CapabilityNode;SocialStudiesNode
C5B,comparative_government_and_civic_action_classification_and_organization,c5b-comparative-government-and-civic-action-classification-and-organization,social_studies,master_knowledge_graph,C,civics_and_collective_decision_making,drafted,c5b-comparative-government-and-civic-action-classification-and-organization,Incubation,Drafted,civics-decomposition-node-package,Synthetic,mastery-node-config,1,0,15,5,blocked;emerging;provisional;secure;unstable,4,direct_performance;meaning;transfer;retention,4,0.85,true,true,14,CapabilityNode;SocialStudiesNode
C5C,comparative_government_and_civic_action_explanation_and_application,c5c-comparative-government-and-civic-action-explanation-and-application,social_studies,master_knowledge_graph,C,civics_and_collective_decision_making,drafted,c5c-comparative-government-and-civic-action-explanation-and-application,Incubation,Drafted,civics-decomposition-node-package,Synthetic,mastery-node-config,1,0,15,5,blocked;emerging;provisional;secure;unstable,4,direct_performance;meaning;transfer;retention,4,0.85,true,true,14,CapabilityNode;SocialStudiesNode
C5D,comparative_government_and_civic_action_transfer_and_contextual_use,c5d-comparative-government-and-civic-action-transfer-and-contextual-use,social_studies,master_knowledge_graph,C,civics_and_collective_decision_making,drafted,c5d-comparative-government-and-civic-action-transfer-and-contextual-use,Incubation,Drafted,civics-decomposition-node-package,Synthetic,mastery-node-config,1,0,15,5,blocked;emerging;provisional;secure;unstable,4,direct_performance;meaning;transfer;retention,4,0.85,true,true,14,CapabilityNode;SocialStudiesNode
C6,advanced_civic_argument_policy_design_and_participation,c6-advanced-civic-argument-policy-design-and-participation,social_studies,master_knowledge_graph,C,civics_and_collective_decision_making,drafted,c6-advanced-civic-argument-policy-design-and-participation,Incubation,Drafted,advanced-civic-design-node-package,Synthetic,mastery-node-config,3,0,15,5,blocked;emerging;provisional;secure;unstable,4,direct_performance;meaning;transfer;retention,4,0.85,true,true,14,CapabilityNode;SocialStudiesNode
C6A,advanced_civic_argument_policy_design_and_participation_foundations_and_examples,c6a-advanced-civic-argument-policy-design-and-participation-foundations-and-examples,social_studies,master_knowledge_graph,C,civics_and_collective_decision_making,drafted,c6a-advanced-civic-argument-policy-design-and-participation-foundations-and-examples,Incubation,Drafted,civics-decomposition-node-package,Synthetic,mastery-node-config,0,0,15,5,blocked;emerging;provisional;secure;unstable,4,direct_performance;meaning;transfer;retention,4,0.85,true,true,14,CapabilityNode;SocialStudiesNode
C6B,advanced_civic_argument_policy_design_and_participation_classification_and_organization,c6b-advanced-civic-argument-policy-design-and-participation-classification-and-organization,social_studies,master_knowledge_graph,C,civics_and_collective_decision_making,drafted,c6b-advanced-civic-argument-policy-design-and-participation-classification-and-organization,Incubation,Drafted,civics-decomposition-node-package,Synthetic,mastery-node-config,1,0,15,5,blocked;emerging;provisional;secure;unstable,4,direct_performance;meaning;transfer;retention,4,0.85,true,true,14,CapabilityNode;SocialStudiesNode
C6C,advanced_civic_argument_policy_design_and_participation_explanation_and_application,c6c-advanced-civic-argument-policy-design-and-participation-explanation-and-application,social_studies,master_knowledge_graph,C,civics_and_collective_decision_making,drafted,c6c-advanced-civic-argument-policy-design-and-participation-explanation-and-application,Incubation,Drafted,civics-decomposition-node-package,Synthetic,mastery-node-config,1,0,15,5,blocked;emerging;provisional;secure;unstable,4,direct_performance;meaning;transfer;retention,4,0.85,true,true,14,CapabilityNode;SocialStudiesNode
C6D,advanced_civic_argument_policy_design_and_participation_transfer_and_contextual_use,c6d-advanced-civic-argument-policy-design-and-participation-transfer-and-contextual-use,social_studies,master_knowledge_graph,C,civics_and_collective_decision_making,drafted,c6d-advanced-civic-argument-policy-design-and-participation-transfer-and-contextual-use,Incubation,Drafted,civics-decomposition-node-package,Synthetic,mastery-node-config,1,0,15,5,blocked;emerging;provisional;secure;unstable,4,direct_performance;meaning;transfer;retention,4,0.85,true,true,14,CapabilityNode;SocialStudiesNode
E1,needs_wants_choice_and_exchange,e1-needs-wants-choice-and-exchange,social_studies,master_knowledge_graph,E,economics_and_exchange_systems,drafted,e1-needs-wants-choice-and-exchange,Incubation,Drafted,economics-entry-node-package,Synthetic,mastery-node-config,1,0,15,5,blocked;emerging;provisional;secure;unstable,4,direct_performance;meaning;transfer;retention,4,0.85,true,true,14,CapabilityNode;SocialStudiesNode
E1A,needs_wants_choice_and_exchange_foundations_and_examples,e1a-needs-wants-choice-and-exchange-foundations-and-examples,social_studies,master_knowledge_graph,E,economics_and_exchange_systems,drafted,e1a-needs-wants-choice-and-exchange-foundations-and-examples,Incubation,Drafted,economics-decomposition-node-package,Synthetic,mastery-node-config,0,0,15,5,blocked;emerging;provisional;secure;unstable,4,direct_performance;meaning;transfer;retention,4,0.85,true,true,14,CapabilityNode;SocialStudiesNode
E1B,needs_wants_choice_and_exchange_classification_and_organization,e1b-needs-wants-choice-and-exchange-classification-and-organization,social_studies,master_knowledge_graph,E,economics_and_exchange_systems,drafted,e1b-needs-wants-choice-and-exchange-classification-and-organization,Incubation,Drafted,economics-decomposition-node-package,Synthetic,mastery-node-config,1,0,15,5,blocked;emerging;provisional;secure;unstable,4,direct_performance;meaning;transfer;retention,4,0.85,true,true,14,CapabilityNode;SocialStudiesNode
E1C,needs_wants_choice_and_exchange_explanation_and_application,e1c-needs-wants-choice-and-exchange-explanation-and-application,social_studies,master_knowledge_graph,E,economics_and_exchange_systems,drafted,e1c-needs-wants-choice-and-exchange-explanation-and-application,Incubation,Drafted,economics-decomposition-node-package,Synthetic,mastery-node-config,1,0,15,5,blocked;emerging;provisional;secure;unstable,4,direct_performance;meaning;transfer;retention,4,0.85,true,true,14,CapabilityNode;SocialStudiesNode
E2,production_consumption_and_local_markets,e2-production-consumption-and-local-markets,social_studies,master_knowledge_graph,E,economics_and_exchange_systems,drafted,e2-production-consumption-and-local-markets,Incubation,Drafted,economics-market-node-package,Synthetic,mastery-node-config,2,0,15,5,blocked;emerging;provisional;secure;unstable,4,direct_performance;meaning;transfer;retention,4,0.85,true,true,14,CapabilityNode;SocialStudiesNode
E2A,production_consumption_and_local_markets_foundations_and_examples,e2a-production-consumption-and-local-markets-foundations-and-examples,social_studies,master_knowledge_graph,E,economics_and_exchange_systems,drafted,e2a-production-consumption-and-local-markets-foundations-and-examples,Incubation,Drafted,economics-decomposition-node-package,Synthetic,mastery-node-config,0,0,15,5,blocked;emerging;provisional;secure;unstable,4,direct_performance;meaning;transfer;retention,4,0.85,true,true,14,CapabilityNode;SocialStudiesNode
E2B,production_consumption_and_local_markets_classification_and_organization,e2b-production-consumption-and-local-markets-classification-and-organization,social_studies,master_knowledge_graph,E,economics_and_exchange_systems,drafted,e2b-production-consumption-and-local-markets-classification-and-organization,Incubation,Drafted,economics-decomposition-node-package,Synthetic,mastery-node-config,1,0,15,5,blocked;emerging;provisional;secure;unstable,4,direct_performance;meaning;transfer;retention,4,0.85,true,true,14,CapabilityNode;SocialStudiesNode
E2C,production_consumption_and_local_markets_explanation_and_application,e2c-production-consumption-and-local-markets-explanation-and-application,social_studies,master_knowledge_graph,E,economics_and_exchange_systems,drafted,e2c-production-consumption-and-local-markets-explanation-and-application,Incubation,Drafted,economics-decomposition-node-package,Synthetic,mastery-node-config,1,0,15,5,blocked;emerging;provisional;secure;unstable,4,direct_performance;meaning;transfer;retention,4,0.85,true,true,14,CapabilityNode;SocialStudiesNode
E3,incentives_trade_and_simple_systems,e3-incentives-trade-and-simple-systems,social_studies,master_knowledge_graph,E,economics_and_exchange_systems,drafted,e3-incentives-trade-and-simple-systems,Incubation,Drafted,economics-systems-node-package,Synthetic,mastery-node-config,2,0,15,5,blocked;emerging;provisional;secure;unstable,4,direct_performance;meaning;transfer;retention,4,0.85,true,true,14,CapabilityNode;SocialStudiesNode
E3A,incentives_trade_and_simple_systems_foundations_and_examples,e3a-incentives-trade-and-simple-systems-foundations-and-examples,social_studies,master_knowledge_graph,E,economics_and_exchange_systems,drafted,e3a-incentives-trade-and-simple-systems-foundations-and-examples,Incubation,Drafted,economics-decomposition-node-package,Synthetic,mastery-node-config,0,0,15,5,blocked;emerging;provisional;secure;unstable,4,direct_performance;meaning;transfer;retention,4,0.85,true,true,14,CapabilityNode;SocialStudiesNode
E3B,incentives_trade_and_simple_systems_classification_and_organization,e3b-incentives-trade-and-simple-systems-classification-and-organization,social_studies,master_knowledge_graph,E,economics_and_exchange_systems,drafted,e3b-incentives-trade-and-simple-systems-classification-and-organization,Incubation,Drafted,economics-decomposition-node-package,Synthetic,mastery-node-config,1,0,15,5,blocked;emerging;provisional;secure;unstable,4,direct_performance;meaning;transfer;retention,4,0.85,true,true,14,CapabilityNode;SocialStudiesNode
E3C,incentives_trade_and_simple_systems_explanation_and_application,e3c-incentives-trade-and-simple-systems-explanation-and-application,social_studies,master_knowledge_graph,E,economics_and_exchange_systems,drafted,e3c-incentives-trade-and-simple-systems-explanation-and-application,Incubation,Drafted,economics-decomposition-node-package,Synthetic,mastery-node-config,1,0,15,5,blocked;emerging;provisional;secure;unstable,4,direct_performance;meaning;transfer;retention,4,0.85,true,true,14,CapabilityNode;SocialStudiesNode
E4,markets_labor_and_public_resource_decisions,e4-markets-labor-and-public-resource-decisions,social_studies,master_knowledge_graph,E,economics_and_exchange_systems,drafted,e4-markets-labor-and-public-resource-decisions,Incubation,Drafted,economics-public-resource-node-package,Synthetic,mastery-node-config,3,0,15,5,blocked;emerging;provisional;secure;unstable,4,direct_performance;meaning;transfer;retention,4,0.85,true,true,14,CapabilityNode;SocialStudiesNode
E4A,markets_labor_and_public_resource_decisions_foundations_and_examples,e4a-markets-labor-and-public-resource-decisions-foundations-and-examples,social_studies,master_knowledge_graph,E,economics_and_exchange_systems,drafted,e4a-markets-labor-and-public-resource-decisions-foundations-and-examples,Incubation,Drafted,economics-decomposition-node-package,Synthetic,mastery-node-config,0,0,15,5,blocked;emerging;provisional;secure;unstable,4,direct_performance;meaning;transfer;retention,4,0.85,true,true,14,CapabilityNode;SocialStudiesNode
E4B,markets_labor_and_public_resource_decisions_classification_and_organization,e4b-markets-labor-and-public-resource-decisions-classification-and-organization,social_studies,master_knowledge_graph,E,economics_and_exchange_systems,drafted,e4b-markets-labor-and-public-resource-decisions-classification-and-organization,Incubation,Drafted,economics-decomposition-node-package,Synthetic,mastery-node-config,1,0,15,5,blocked;emerging;provisional;secure;unstable,4,direct_performance;meaning;transfer;retention,4,0.85,true,true,14,CapabilityNode;SocialStudiesNode
E4C,markets_labor_and_public_resource_decisions_explanation_and_application,e4c-markets-labor-and-public-resource-decisions-explanation-and-application,social_studies,master_knowledge_graph,E,economics_and_exchange_systems,drafted,e4c-markets-labor-and-public-resource-decisions-explanation-and-application,Incubation,Drafted,economics-decomposition-node-package,Synthetic,mastery-node-config,1,0,15,5,blocked;emerging;provisional;secure;unstable,4,direct_performance;meaning;transfer;retention,4,0.85,true,true,14,CapabilityNode;SocialStudiesNode
E5,macroeconomic_patterns_global_trade_and_finance_basics,e5-macroeconomic-patterns-global-trade-and-finance-basics,social_studies,master_knowledge_graph,E,economics_and_exchange_systems,drafted,e5-macroeconomic-patterns-global-trade-and-finance-basics,Incubation,Drafted,economics-macroeconomics-node-package,Synthetic,mastery-node-config,3,0,15,5,blocked;emerging;provisional;secure;unstable,4,direct_performance;meaning;transfer;retention,4,0.85,true,true,14,CapabilityNode;SocialStudiesNode
E5A,macroeconomic_patterns_global_trade_and_finance_basics_foundations_and_examples,e5a-macroeconomic-patterns-global-trade-and-finance-basics-foundations-and-examples,social_studies,master_knowledge_graph,E,economics_and_exchange_systems,drafted,e5a-macroeconomic-patterns-global-trade-and-finance-basics-foundations-and-examples,Incubation,Drafted,economics-decomposition-node-package,Synthetic,mastery-node-config,0,0,15,5,blocked;emerging;provisional;secure;unstable,4,direct_performance;meaning;transfer;retention,4,0.85,true,true,14,CapabilityNode;SocialStudiesNode
E5B,macroeconomic_patterns_global_trade_and_finance_basics_classification_and_organization,e5b-macroeconomic-patterns-global-trade-and-finance-basics-classification-and-organization,social_studies,master_knowledge_graph,E,economics_and_exchange_systems,drafted,e5b-macroeconomic-patterns-global-trade-and-finance-basics-classification-and-organization,Incubation,Drafted,economics-decomposition-node-package,Synthetic,mastery-node-config,1,0,15,5,blocked;emerging;provisional;secure;unstable,4,direct_performance;meaning;transfer;retention,4,0.85,true,true,14,CapabilityNode;SocialStudiesNode
E5C,macroeconomic_patterns_global_trade_and_finance_basics_explanation_and_application,e5c-macroeconomic-patterns-global-trade-and-finance-basics-explanation-and-application,social_studies,master_knowledge_graph,E,economics_and_exchange_systems,drafted,e5c-macroeconomic-patterns-global-trade-and-finance-basics-explanation-and-application,Incubation,Drafted,economics-decomposition-node-package,Synthetic,mastery-node-config,1,0,15,5,blocked;emerging;provisional;secure;unstable,4,direct_performance;meaning;transfer;retention,4,0.85,true,true,14,CapabilityNode;SocialStudiesNode
E6,economic_analysis_policy_tradeoffs_and_capstone_modeling,e6-economic-analysis-policy-tradeoffs-and-capstone-modeling,social_studies,master_knowledge_graph,E,economics_and_exchange_systems,drafted,e6-economic-analysis-policy-tradeoffs-and-capstone-modeling,Incubation,Drafted,economic-analysis-capstone-node-package,Synthetic,mastery-node-config,3,0,15,5,blocked;emerging;provisional;secure;unstable,4,direct_performance;meaning;transfer;retention,4,0.85,true,true,14,CapabilityNode;SocialStudiesNode
E6A,economic_analysis_policy_tradeoffs_and_capstone_modeling_foundations_and_examples,e6a-economic-analysis-policy-tradeoffs-and-capstone-modeling-foundations-and-examples,social_studies,master_knowledge_graph,E,economics_and_exchange_systems,drafted,e6a-economic-analysis-policy-tradeoffs-and-capstone-modeling-foundations-and-examples,Incubation,Drafted,economics-decomposition-node-package,Synthetic,mastery-node-config,0,0,15,5,blocked;emerging;provisional;secure;unstable,4,direct_performance;meaning;transfer;retention,4,0.85,true,true,14,CapabilityNode;SocialStudiesNode
E6B,economic_analysis_policy_tradeoffs_and_capstone_modeling_classification_and_organization,e6b-economic-analysis-policy-tradeoffs-and-capstone-modeling-classification-and-organization,social_studies,master_knowledge_graph,E,economics_and_exchange_systems,drafted,e6b-economic-analysis-policy-tradeoffs-and-capstone-modeling-classification-and-organization,Incubation,Drafted,economics-decomposition-node-package,Synthetic,mastery-node-config,1,0,15,5,blocked;emerging;provisional;secure;unstable,4,direct_performance;meaning;transfer;retention,4,0.85,true,true,14,CapabilityNode;SocialStudiesNode
E6C,economic_analysis_policy_tradeoffs_and_capstone_modeling_explanation_and_application,e6c-economic-analysis-policy-tradeoffs-and-capstone-modeling-explanation-and-application,social_studies,master_knowledge_graph,E,economics_and_exchange_systems,drafted,e6c-economic-analysis-policy-tradeoffs-and-capstone-modeling-explanation-and-application,Incubation,Drafted,economics-decomposition-node-package,Synthetic,mastery-node-config,1,0,15,5,blocked;emerging;provisional;secure;unstable,4,direct_performance;meaning;transfer;retention,4,0.85,true,true,14,CapabilityNode;SocialStudiesNode
G1,place_maps_and_environmental_features,g1-place-maps-and-environmental-features,social_studies,master_knowledge_graph,G,geography_and_human_environment_systems,drafted,g1-place-maps-and-environmental-features,Incubation,Drafted,geography-entry-node-package,Synthetic,mastery-node-config,1,0,15,5,blocked;emerging;provisional;secure;unstable,4,direct_performance;meaning;transfer;retention,4,0.85,true,true,14,CapabilityNode;SocialStudiesNode
G1A,place_maps_and_environmental_features_foundations_and_examples,g1a-place-maps-and-environmental-features-foundations-and-examples,social_studies,master_knowledge_graph,G,geography_and_human_environment_systems,drafted,g1a-place-maps-and-environmental-features-foundations-and-examples,Incubation,Drafted,geography-decomposition-node-package,Synthetic,mastery-node-config,0,0,15,5,blocked;emerging;provisional;secure;unstable,4,direct_performance;meaning;transfer;retention,4,0.85,true,true,14,CapabilityNode;SocialStudiesNode
G1B,place_maps_and_environmental_features_classification_and_organization,g1b-place-maps-and-environmental-features-classification-and-organization,social_studies,master_knowledge_graph,G,geography_and_human_environment_systems,drafted,g1b-place-maps-and-environmental-features-classification-and-organization,Incubation,Drafted,geography-decomposition-node-package,Synthetic,mastery-node-config,1,0,15,5,blocked;emerging;provisional;secure;unstable,4,direct_performance;meaning;transfer;retention,4,0.85,true,true,14,CapabilityNode;SocialStudiesNode
G1C,place_maps_and_environmental_features_explanation_and_application,g1c-place-maps-and-environmental-features-explanation-and-application,social_studies,master_knowledge_graph,G,geography_and_human_environment_systems,drafted,g1c-place-maps-and-environmental-features-explanation-and-application,Incubation,Drafted,geography-decomposition-node-package,Synthetic,mastery-node-config,1,0,15,5,blocked;emerging;provisional;secure;unstable,4,direct_performance;meaning;transfer;retention,4,0.85,true,true,14,CapabilityNode;SocialStudiesNode
G2,human_environment_interaction_and_regions,g2-human-environment-interaction-and-regions,social_studies,master_knowledge_graph,G,geography_and_human_environment_systems,drafted,g2-human-environment-interaction-and-regions,Incubation,Drafted,geography-interaction-node-package,Synthetic,mastery-node-config,2,0,15,5,blocked;emerging;provisional;secure;unstable,4,direct_performance;meaning;transfer;retention,4,0.85,true,true,14,CapabilityNode;SocialStudiesNode
G2A,human_environment_interaction_and_regions_foundations_and_examples,g2a-human-environment-interaction-and-regions-foundations-and-examples,social_studies,master_knowledge_graph,G,geography_and_human_environment_systems,drafted,g2a-human-environment-interaction-and-regions-foundations-and-examples,Incubation,Drafted,geography-decomposition-node-package,Synthetic,mastery-node-config,0,0,15,5,blocked;emerging;provisional;secure;unstable,4,direct_performance;meaning;transfer;retention,4,0.85,true,true,14,CapabilityNode;SocialStudiesNode
G2B,human_environment_interaction_and_regions_classification_and_organization,g2b-human-environment-interaction-and-regions-classification-and-organization,social_studies,master_knowledge_graph,G,geography_and_human_environment_systems,drafted,g2b-human-environment-interaction-and-regions-classification-and-organization,Incubation,Drafted,geography-decomposition-node-package,Synthetic,mastery-node-config,1,0,15,5,blocked;emerging;provisional;secure;unstable,4,direct_performance;meaning;transfer;retention,4,0.85,true,true,14,CapabilityNode;SocialStudiesNode
G2C,human_environment_interaction_and_regions_explanation_and_application,g2c-human-environment-interaction-and-regions-explanation-and-application,social_studies,master_knowledge_graph,G,geography_and_human_environment_systems,drafted,g2c-human-environment-interaction-and-regions-explanation-and-application,Incubation,Drafted,geography-decomposition-node-package,Synthetic,mastery-node-config,1,0,15,5,blocked;emerging;provisional;secure;unstable,4,direct_performance;meaning;transfer;retention,4,0.85,true,true,14,CapabilityNode;SocialStudiesNode
G3,spatial_patterns_movement_and_resources,g3-spatial-patterns-movement-and-resources,social_studies,master_knowledge_graph,G,geography_and_human_environment_systems,drafted,g3-spatial-patterns-movement-and-resources,Incubation,Drafted,geography-patterns-node-package,Synthetic,mastery-node-config,2,0,15,5,blocked;emerging;provisional;secure;unstable,4,direct_performance;meaning;transfer;retention,4,0.85,true,true,14,CapabilityNode;SocialStudiesNode
G3A,spatial_patterns_movement_and_resources_foundations_and_examples,g3a-spatial-patterns-movement-and-resources-foundations-and-examples,social_studies,master_knowledge_graph,G,geography_and_human_environment_systems,drafted,g3a-spatial-patterns-movement-and-resources-foundations-and-examples,Incubation,Drafted,geography-decomposition-node-package,Synthetic,mastery-node-config,0,0,15,5,blocked;emerging;provisional;secure;unstable,4,direct_performance;meaning;transfer;retention,4,0.85,true,true,14,CapabilityNode;SocialStudiesNode
G3B,spatial_patterns_movement_and_resources_classification_and_organization,g3b-spatial-patterns-movement-and-resources-classification-and-organization,social_studies,master_knowledge_graph,G,geography_and_human_environment_systems,drafted,g3b-spatial-patterns-movement-and-resources-classification-and-organization,Incubation,Drafted,geography-decomposition-node-package,Synthetic,mastery-node-config,1,0,15,5,blocked;emerging;provisional;secure;unstable,4,direct_performance;meaning;transfer;retention,4,0.85,true,true,14,CapabilityNode;SocialStudiesNode
G3C,spatial_patterns_movement_and_resources_explanation_and_application,g3c-spatial-patterns-movement-and-resources-explanation-and-application,social_studies,master_knowledge_graph,G,geography_and_human_environment_systems,drafted,g3c-spatial-patterns-movement-and-resources-explanation-and-application,Incubation,Drafted,geography-decomposition-node-package,Synthetic,mastery-node-config,1,0,15,5,blocked;emerging;provisional;secure;unstable,4,direct_performance;meaning;transfer;retention,4,0.85,true,true,14,CapabilityNode;SocialStudiesNode
G4,geographic_reasoning_with_maps_data_and_scale,g4-geographic-reasoning-with-maps-data-and-scale,social_studies,master_knowledge_graph,G,geography_and_human_environment_systems,drafted,g4-geographic-reasoning-with-maps-data-and-scale,Incubation,Drafted,geography-scale-node-package,Synthetic,mastery-node-config,2,0,15,5,blocked;emerging;provisional;secure;unstable,4,direct_performance;meaning;transfer;retention,4,0.85,true,true,14,CapabilityNode;SocialStudiesNode
G4A,geographic_reasoning_with_maps_data_and_scale_foundations_and_examples,g4a-geographic-reasoning-with-maps-data-and-scale-foundations-and-examples,social_studies,master_knowledge_graph,G,geography_and_human_environment_systems,drafted,g4a-geographic-reasoning-with-maps-data-and-scale-foundations-and-examples,Incubation,Drafted,geography-decomposition-node-package,Synthetic,mastery-node-config,0,0,15,5,blocked;emerging;provisional;secure;unstable,4,direct_performance;meaning;transfer;retention,4,0.85,true,true,14,CapabilityNode;SocialStudiesNode
G4B,geographic_reasoning_with_maps_data_and_scale_classification_and_organization,g4b-geographic-reasoning-with-maps-data-and-scale-classification-and-organization,social_studies,master_knowledge_graph,G,geography_and_human_environment_systems,drafted,g4b-geographic-reasoning-with-maps-data-and-scale-classification-and-organization,Incubation,Drafted,geography-decomposition-node-package,Synthetic,mastery-node-config,1,0,15,5,blocked;emerging;provisional;secure;unstable,4,direct_performance;meaning;transfer;retention,4,0.85,true,true,14,CapabilityNode;SocialStudiesNode
G4C,geographic_reasoning_with_maps_data_and_scale_explanation_and_application,g4c-geographic-reasoning-with-maps-data-and-scale-explanation-and-application,social_studies,master_knowledge_graph,G,geography_and_human_environment_systems,drafted,g4c-geographic-reasoning-with-maps-data-and-scale-explanation-and-application,Incubation,Drafted,geography-decomposition-node-package,Synthetic,mastery-node-config,1,0,15,5,blocked;emerging;provisional;secure;unstable,4,direct_performance;meaning;transfer;retention,4,0.85,true,true,14,CapabilityNode;SocialStudiesNode
G5,global_interdependence_migration_and_sustainability,g5-global-interdependence-migration-and-sustainability,social_studies,master_knowledge_graph,G,geography_and_human_environment_systems,drafted,g5-global-interdependence-migration-and-sustainability,Incubation,Drafted,geography-interdependence-node-package,Synthetic,mastery-node-config,2,0,15,5,blocked;emerging;provisional;secure;unstable,4,direct_performance;meaning;transfer;retention,4,0.85,true,true,14,CapabilityNode;SocialStudiesNode
G5A,global_interdependence_migration_and_sustainability_foundations_and_examples,g5a-global-interdependence-migration-and-sustainability-foundations-and-examples,social_studies,master_knowledge_graph,G,geography_and_human_environment_systems,drafted,g5a-global-interdependence-migration-and-sustainability-foundations-and-examples,Incubation,Drafted,geography-decomposition-node-package,Synthetic,mastery-node-config,0,0,15,5,blocked;emerging;provisional;secure;unstable,4,direct_performance;meaning;transfer;retention,4,0.85,true,true,14,CapabilityNode;SocialStudiesNode
G5B,global_interdependence_migration_and_sustainability_classification_and_organization,g5b-global-interdependence-migration-and-sustainability-classification-and-organization,social_studies,master_knowledge_graph,G,geography_and_human_environment_systems,drafted,g5b-global-interdependence-migration-and-sustainability-classification-and-organization,Incubation,Drafted,geography-decomposition-node-package,Synthetic,mastery-node-config,1,0,15,5,blocked;emerging;provisional;secure;unstable,4,direct_performance;meaning;transfer;retention,4,0.85,true,true,14,CapabilityNode;SocialStudiesNode
G5C,global_interdependence_migration_and_sustainability_explanation_and_application,g5c-global-interdependence-migration-and-sustainability-explanation-and-application,social_studies,master_knowledge_graph,G,geography_and_human_environment_systems,drafted,g5c-global-interdependence-migration-and-sustainability-explanation-and-application,Incubation,Drafted,geography-decomposition-node-package,Synthetic,mastery-node-config,1,0,15,5,blocked;emerging;provisional;secure;unstable,4,direct_performance;meaning;transfer;retention,4,0.85,true,true,14,CapabilityNode;SocialStudiesNode
G6,geospatial_analysis_and_policy_application,g6-geospatial-analysis-and-policy-application,social_studies,master_knowledge_graph,G,geography_and_human_environment_systems,drafted,g6-geospatial-analysis-and-policy-application,Incubation,Drafted,geospatial-policy-node-package,Synthetic,mastery-node-config,3,0,15,5,blocked;emerging;provisional;secure;unstable,4,direct_performance;meaning;transfer;retention,4,0.85,true,true,14,CapabilityNode;SocialStudiesNode
G6A,geospatial_analysis_and_policy_application_foundations_and_examples,g6a-geospatial-analysis-and-policy-application-foundations-and-examples,social_studies,master_knowledge_graph,G,geography_and_human_environment_systems,drafted,g6a-geospatial-analysis-and-policy-application-foundations-and-examples,Incubation,Drafted,geography-decomposition-node-package,Synthetic,mastery-node-config,0,0,15,5,blocked;emerging;provisional;secure;unstable,4,direct_performance;meaning;transfer;retention,4,0.85,true,true,14,CapabilityNode;SocialStudiesNode
G6B,geospatial_analysis_and_policy_application_classification_and_organization,g6b-geospatial-analysis-and-policy-application-classification-and-organization,social_studies,master_knowledge_graph,G,geography_and_human_environment_systems,drafted,g6b-geospatial-analysis-and-policy-application-classification-and-organization,Incubation,Drafted,geography-decomposition-node-package,Synthetic,mastery-node-config,1,0,15,5,blocked;emerging;provisional;secure;unstable,4,direct_performance;meaning;transfer;retention,4,0.85,true,true,14,CapabilityNode;SocialStudiesNode
G6C,geospatial_analysis_and_policy_application_explanation_and_application,g6c-geospatial-analysis-and-policy-application-explanation-and-application,social_studies,master_knowledge_graph,G,geography_and_human_environment_systems,drafted,g6c-geospatial-analysis-and-policy-application-explanation-and-application,Incubation,Drafted,geography-decomposition-node-package,Synthetic,mastery-node-config,1,0,15,5,blocked;emerging;provisional;secure;unstable,4,direct_performance;meaning;transfer;retention,4,0.85,true,true,14,CapabilityNode;SocialStudiesNode
H1,chronology_identity_and_community_memory,h1-chronology-identity-and-community-memory,social_studies,master_knowledge_graph,H,history_and_source_reasoning,drafted,h1-chronology-identity-and-community-memory,Incubation,Drafted,history-entry-node-package,Synthetic,mastery-node-config,1,0,15,5,blocked;emerging;provisional;secure;unstable,4,direct_performance;meaning;transfer;retention,4,0.85,true,true,14,CapabilityNode;SocialStudiesNode
H1A,chronology_identity_and_community_memory_foundations_and_examples,h1a-chronology-identity-and-community-memory-foundations-and-examples,social_studies,master_knowledge_graph,H,history_and_source_reasoning,drafted,h1a-chronology-identity-and-community-memory-foundations-and-examples,Incubation,Drafted,history-decomposition-node-package,Synthetic,mastery-node-config,0,0,15,5,blocked;emerging;provisional;secure;unstable,4,direct_performance;meaning;transfer;retention,4,0.85,true,true,14,CapabilityNode;SocialStudiesNode
H1B,chronology_identity_and_community_memory_classification_and_organization,h1b-chronology-identity-and-community-memory-classification-and-organization,social_studies,master_knowledge_graph,H,history_and_source_reasoning,drafted,h1b-chronology-identity-and-community-memory-classification-and-organization,Incubation,Drafted,history-decomposition-node-package,Synthetic,mastery-node-config,1,0,15,5,blocked;emerging;provisional;secure;unstable,4,direct_performance;meaning;transfer;retention,4,0.85,true,true,14,CapabilityNode;SocialStudiesNode
H1C,chronology_identity_and_community_memory_explanation_and_application,h1c-chronology-identity-and-community-memory-explanation-and-application,social_studies,master_knowledge_graph,H,history_and_source_reasoning,drafted,h1c-chronology-identity-and-community-memory-explanation-and-application,Incubation,Drafted,history-decomposition-node-package,Synthetic,mastery-node-config,1,0,15,5,blocked;emerging;provisional;secure;unstable,4,direct_performance;meaning;transfer;retention,4,0.85,true,true,14,CapabilityNode;SocialStudiesNode
H1D,chronology_identity_and_community_memory_transfer_and_contextual_use,h1d-chronology-identity-and-community-memory-transfer-and-contextual-use,social_studies,master_knowledge_graph,H,history_and_source_reasoning,drafted,h1d-chronology-identity-and-community-memory-transfer-and-contextual-use,Incubation,Drafted,history-decomposition-node-package,Synthetic,mastery-node-config,1,0,15,5,blocked;emerging;provisional;secure;unstable,4,direct_performance;meaning;transfer;retention,4,0.85,true,true,14,CapabilityNode;SocialStudiesNode
H2,historical_sources_and_past_present_comparison,h2-historical-sources-and-past-present-comparison,social_studies,master_knowledge_graph,H,history_and_source_reasoning,drafted,h2-historical-sources-and-past-present-comparison,Incubation,Drafted,history-comparison-node-package,Synthetic,mastery-node-config,2,0,15,5,blocked;emerging;provisional;secure;unstable,4,direct_performance;meaning;transfer;retention,4,0.85,true,true,14,CapabilityNode;SocialStudiesNode
H2A,historical_sources_and_past_present_comparison_foundations_and_examples,h2a-historical-sources-and-past-present-comparison-foundations-and-examples,social_studies,master_knowledge_graph,H,history_and_source_reasoning,drafted,h2a-historical-sources-and-past-present-comparison-foundations-and-examples,Incubation,Drafted,history-decomposition-node-package,Synthetic,mastery-node-config,0,0,15,5,blocked;emerging;provisional;secure;unstable,4,direct_performance;meaning;transfer;retention,4,0.85,true,true,14,CapabilityNode;SocialStudiesNode
H2B,historical_sources_and_past_present_comparison_classification_and_organization,h2b-historical-sources-and-past-present-comparison-classification-and-organization,social_studies,master_knowledge_graph,H,history_and_source_reasoning,drafted,h2b-historical-sources-and-past-present-comparison-classification-and-organization,Incubation,Drafted,history-decomposition-node-package,Synthetic,mastery-node-config,1,0,15,5,blocked;emerging;provisional;secure;unstable,4,direct_performance;meaning;transfer;retention,4,0.85,true,true,14,CapabilityNode;SocialStudiesNode
H2C,historical_sources_and_past_present_comparison_explanation_and_application,h2c-historical-sources-and-past-present-comparison-explanation-and-application,social_studies,master_knowledge_graph,H,history_and_source_reasoning,drafted,h2c-historical-sources-and-past-present-comparison-explanation-and-application,Incubation,Drafted,history-decomposition-node-package,Synthetic,mastery-node-config,1,0,15,5,blocked;emerging;provisional;secure;unstable,4,direct_performance;meaning;transfer;retention,4,0.85,true,true,14,CapabilityNode;SocialStudiesNode
H2D,historical_sources_and_past_present_comparison_transfer_and_contextual_use,h2d-historical-sources-and-past-present-comparison-transfer-and-contextual-use,social_studies,master_knowledge_graph,H,history_and_source_reasoning,drafted,h2d-historical-sources-and-past-present-comparison-transfer-and-contextual-use,Incubation,Drafted,history-decomposition-node-package,Synthetic,mastery-node-config,1,0,15,5,blocked;emerging;provisional;secure;unstable,4,direct_performance;meaning;transfer;retention,4,0.85,true,true,14,CapabilityNode;SocialStudiesNode
H3,causation_context_and_change_over_time,h3-causation-context-and-change-over-time,social_studies,master_knowledge_graph,H,history_and_source_reasoning,drafted,h3-causation-context-and-change-over-time,Incubation,Drafted,history-causation-node-package,Synthetic,mastery-node-config,2,0,15,5,blocked;emerging;provisional;secure;unstable,4,direct_performance;meaning;transfer;retention,4,0.85,true,true,14,CapabilityNode;SocialStudiesNode
H3A,causation_context_and_change_over_time_foundations_and_examples,h3a-causation-context-and-change-over-time-foundations-and-examples,social_studies,master_knowledge_graph,H,history_and_source_reasoning,drafted,h3a-causation-context-and-change-over-time-foundations-and-examples,Incubation,Drafted,history-decomposition-node-package,Synthetic,mastery-node-config,0,0,15,5,blocked;emerging;provisional;secure;unstable,4,direct_performance;meaning;transfer;retention,4,0.85,true,true,14,CapabilityNode;SocialStudiesNode
H3B,causation_context_and_change_over_time_classification_and_organization,h3b-causation-context-and-change-over-time-classification-and-organization,social_studies,master_knowledge_graph,H,history_and_source_reasoning,drafted,h3b-causation-context-and-change-over-time-classification-and-organization,Incubation,Drafted,history-decomposition-node-package,Synthetic,mastery-node-config,1,0,15,5,blocked;emerging;provisional;secure;unstable,4,direct_performance;meaning;transfer;retention,4,0.85,true,true,14,CapabilityNode;SocialStudiesNode
H3C,causation_context_and_change_over_time_explanation_and_application,h3c-causation-context-and-change-over-time-explanation-and-application,social_studies,master_knowledge_graph,H,history_and_source_reasoning,drafted,h3c-causation-context-and-change-over-time-explanation-and-application,Incubation,Drafted,history-decomposition-node-package,Synthetic,mastery-node-config,1,0,15,5,blocked;emerging;provisional;secure;unstable,4,direct_performance;meaning;transfer;retention,4,0.85,true,true,14,CapabilityNode;SocialStudiesNode
H3D,causation_context_and_change_over_time_transfer_and_contextual_use,h3d-causation-context-and-change-over-time-transfer-and-contextual-use,social_studies,master_knowledge_graph,H,history_and_source_reasoning,drafted,h3d-causation-context-and-change-over-time-transfer-and-contextual-use,Incubation,Drafted,history-decomposition-node-package,Synthetic,mastery-node-config,1,0,15,5,blocked;emerging;provisional;secure;unstable,4,direct_performance;meaning;transfer;retention,4,0.85,true,true,14,CapabilityNode;SocialStudiesNode
H4,sourcing_corroboration_and_historical_argument,h4-sourcing-corroboration-and-historical-argument,social_studies,master_knowledge_graph,H,history_and_source_reasoning,drafted,h4-sourcing-corroboration-and-historical-argument,Incubation,Drafted,history-argument-node-package,Synthetic,mastery-node-config,2,0,15,5,blocked;emerging;provisional;secure;unstable,4,direct_performance;meaning;transfer;retention,4,0.85,true,true,14,CapabilityNode;SocialStudiesNode
H4A,sourcing_corroboration_and_historical_argument_foundations_and_examples,h4a-sourcing-corroboration-and-historical-argument-foundations-and-examples,social_studies,master_knowledge_graph,H,history_and_source_reasoning,drafted,h4a-sourcing-corroboration-and-historical-argument-foundations-and-examples,Incubation,Drafted,history-decomposition-node-package,Synthetic,mastery-node-config,0,0,15,5,blocked;emerging;provisional;secure;unstable,4,direct_performance;meaning;transfer;retention,4,0.85,true,true,14,CapabilityNode;SocialStudiesNode
H4B,sourcing_corroboration_and_historical_argument_classification_and_organization,h4b-sourcing-corroboration-and-historical-argument-classification-and-organization,social_studies,master_knowledge_graph,H,history_and_source_reasoning,drafted,h4b-sourcing-corroboration-and-historical-argument-classification-and-organization,Incubation,Drafted,history-decomposition-node-package,Synthetic,mastery-node-config,1,0,15,5,blocked;emerging;provisional;secure;unstable,4,direct_performance;meaning;transfer;retention,4,0.85,true,true,14,CapabilityNode;SocialStudiesNode
H4C,sourcing_corroboration_and_historical_argument_explanation_and_application,h4c-sourcing-corroboration-and-historical-argument-explanation-and-application,social_studies,master_knowledge_graph,H,history_and_source_reasoning,drafted,h4c-sourcing-corroboration-and-historical-argument-explanation-and-application,Incubation,Drafted,history-decomposition-node-package,Synthetic,mastery-node-config,1,0,15,5,blocked;emerging;provisional;secure;unstable,4,direct_performance;meaning;transfer;retention,4,0.85,true,true,14,CapabilityNode;SocialStudiesNode
H4D,sourcing_corroboration_and_historical_argument_transfer_and_contextual_use,h4d-sourcing-corroboration-and-historical-argument-transfer-and-contextual-use,social_studies,master_knowledge_graph,H,history_and_source_reasoning,drafted,h4d-sourcing-corroboration-and-historical-argument-transfer-and-contextual-use,Incubation,Drafted,history-decomposition-node-package,Synthetic,mastery-node-config,1,0,15,5,blocked;emerging;provisional;secure;unstable,4,direct_performance;meaning;transfer;retention,4,0.85,true,true,14,CapabilityNode;SocialStudiesNode
H5,thematic_historical_analysis_and_periodization,h5-thematic-historical-analysis-and-periodization,social_studies,master_knowledge_graph,H,history_and_source_reasoning,drafted,h5-thematic-historical-analysis-and-periodization,Incubation,Drafted,history-periodization-node-package,Synthetic,mastery-node-config,2,0,15,5,blocked;emerging;provisional;secure;unstable,4,direct_performance;meaning;transfer;retention,4,0.85,true,true,14,CapabilityNode;SocialStudiesNode
H5A,thematic_historical_analysis_and_periodization_foundations_and_examples,h5a-thematic-historical-analysis-and-periodization-foundations-and-examples,social_studies,master_knowledge_graph,H,history_and_source_reasoning,drafted,h5a-thematic-historical-analysis-and-periodization-foundations-and-examples,Incubation,Drafted,history-decomposition-node-package,Synthetic,mastery-node-config,0,0,15,5,blocked;emerging;provisional;secure;unstable,4,direct_performance;meaning;transfer;retention,4,0.85,true,true,14,CapabilityNode;SocialStudiesNode
H5B,thematic_historical_analysis_and_periodization_classification_and_organization,h5b-thematic-historical-analysis-and-periodization-classification-and-organization,social_studies,master_knowledge_graph,H,history_and_source_reasoning,drafted,h5b-thematic-historical-analysis-and-periodization-classification-and-organization,Incubation,Drafted,history-decomposition-node-package,Synthetic,mastery-node-config,1,0,15,5,blocked;emerging;provisional;secure;unstable,4,direct_performance;meaning;transfer;retention,4,0.85,true,true,14,CapabilityNode;SocialStudiesNode
H5C,thematic_historical_analysis_and_periodization_explanation_and_application,h5c-thematic-historical-analysis-and-periodization-explanation-and-application,social_studies,master_knowledge_graph,H,history_and_source_reasoning,drafted,h5c-thematic-historical-analysis-and-periodization-explanation-and-application,Incubation,Drafted,history-decomposition-node-package,Synthetic,mastery-node-config,1,0,15,5,blocked;emerging;provisional;secure;unstable,4,direct_performance;meaning;transfer;retention,4,0.85,true,true,14,CapabilityNode;SocialStudiesNode
H5D,thematic_historical_analysis_and_periodization_transfer_and_contextual_use,h5d-thematic-historical-analysis-and-periodization-transfer-and-contextual-use,social_studies,master_knowledge_graph,H,history_and_source_reasoning,drafted,h5d-thematic-historical-analysis-and-periodization-transfer-and-contextual-use,Incubation,Drafted,history-decomposition-node-package,Synthetic,mastery-node-config,1,0,15,5,blocked;emerging;provisional;secure;unstable,4,direct_performance;meaning;transfer;retention,4,0.85,true,true,14,CapabilityNode;SocialStudiesNode
H6,historiography_public_history_and_capstone_argument,h6-historiography-public-history-and-capstone-argument,social_studies,master_knowledge_graph,H,history_and_source_reasoning,drafted,h6-historiography-public-history-and-capstone-argument,Incubation,Drafted,historiography-public-history-node-package,Synthetic,mastery-node-config,2,0,15,5,blocked;emerging;provisional;secure;unstable,4,direct_performance;meaning;transfer;retention,4,0.85,true,true,14,CapabilityNode;SocialStudiesNode
H6A,historiography_public_history_and_capstone_argument_foundations_and_examples,h6a-historiography-public-history-and-capstone-argument-foundations-and-examples,social_studies,master_knowledge_graph,H,history_and_source_reasoning,drafted,h6a-historiography-public-history-and-capstone-argument-foundations-and-examples,Incubation,Drafted,history-decomposition-node-package,Synthetic,mastery-node-config,0,0,15,5,blocked;emerging;provisional;secure;unstable,4,direct_performance;meaning;transfer;retention,4,0.85,true,true,14,CapabilityNode;SocialStudiesNode
H6B,historiography_public_history_and_capstone_argument_classification_and_organization,h6b-historiography-public-history-and-capstone-argument-classification-and-organization,social_studies,master_knowledge_graph,H,history_and_source_reasoning,drafted,h6b-historiography-public-history-and-capstone-argument-classification-and-organization,Incubation,Drafted,history-decomposition-node-package,Synthetic,mastery-node-config,1,0,15,5,blocked;emerging;provisional;secure;unstable,4,direct_performance;meaning;transfer;retention,4,0.85,true,true,14,CapabilityNode;SocialStudiesNode
H6C,historiography_public_history_and_capstone_argument_explanation_and_application,h6c-historiography-public-history-and-capstone-argument-explanation-and-application,social_studies,master_knowledge_graph,H,history_and_source_reasoning,drafted,h6c-historiography-public-history-and-capstone-argument-explanation-and-application,Incubation,Drafted,history-decomposition-node-package,Synthetic,mastery-node-config,1,0,15,5,blocked;emerging;provisional;secure;unstable,4,direct_performance;meaning;transfer;retention,4,0.85,true,true,14,CapabilityNode;SocialStudiesNode
H6D,historiography_public_history_and_capstone_argument_transfer_and_contextual_use,h6d-historiography-public-history-and-capstone-argument-transfer-and-contextual-use,social_studies,master_knowledge_graph,H,history_and_source_reasoning,drafted,h6d-historiography-public-history-and-capstone-argument-transfer-and-contextual-use,Incubation,Drafted,history-decomposition-node-package,Synthetic,mastery-node-config,1,0,15,5,blocked;emerging;provisional;secure;unstable,4,direct_performance;meaning;transfer;retention,4,0.85,true,true,14,CapabilityNode;SocialStudiesNode
Q1,observe_describe_and_question,q1-observe-describe-and-question,social_studies,master_knowledge_graph,Q,inquiry_evidence_and_discourse,drafted,q1-observe-describe-and-question,Incubation,Drafted,inquiry-entry-node-package,Synthetic,mastery-node-config,0,0,15,5,blocked;emerging;provisional;secure;unstable,4,direct_performance;meaning;transfer;retention,4,0.85,true,true,14,CapabilityNode;SocialStudiesNode
Q1A,observe_describe_and_question_foundations_and_examples,q1a-observe-describe-and-question-foundations-and-examples,social_studies,master_knowledge_graph,Q,inquiry_evidence_and_discourse,drafted,q1a-observe-describe-and-question-foundations-and-examples,Incubation,Drafted,inquiry-decomposition-node-package,Synthetic,mastery-node-config,0,0,15,5,blocked;emerging;provisional;secure;unstable,4,direct_performance;meaning;transfer;retention,4,0.85,true,true,14,CapabilityNode;SocialStudiesNode
Q1B,observe_describe_and_question_classification_and_organization,q1b-observe-describe-and-question-classification-and-organization,social_studies,master_knowledge_graph,Q,inquiry_evidence_and_discourse,drafted,q1b-observe-describe-and-question-classification-and-organization,Incubation,Drafted,inquiry-decomposition-node-package,Synthetic,mastery-node-config,1,0,15,5,blocked;emerging;provisional;secure;unstable,4,direct_performance;meaning;transfer;retention,4,0.85,true,true,14,CapabilityNode;SocialStudiesNode
Q1C,observe_describe_and_question_explanation_and_application,q1c-observe-describe-and-question-explanation-and-application,social_studies,master_knowledge_graph,Q,inquiry_evidence_and_discourse,drafted,q1c-observe-describe-and-question-explanation-and-application,Incubation,Drafted,inquiry-decomposition-node-package,Synthetic,mastery-node-config,1,0,15,5,blocked;emerging;provisional;secure;unstable,4,direct_performance;meaning;transfer;retention,4,0.85,true,true,14,CapabilityNode;SocialStudiesNode
Q1D,observe_describe_and_question_transfer_and_contextual_use,q1d-observe-describe-and-question-transfer-and-contextual-use,social_studies,master_knowledge_graph,Q,inquiry_evidence_and_discourse,drafted,q1d-observe-describe-and-question-transfer-and-contextual-use,Incubation,Drafted,inquiry-decomposition-node-package,Synthetic,mastery-node-config,1,0,15,5,blocked;emerging;provisional;secure;unstable,4,direct_performance;meaning;transfer;retention,4,0.85,true,true,14,CapabilityNode;SocialStudiesNode
Q2,compare_classify_and_sequence_evidence,q2-compare-classify-and-sequence-evidence,social_studies,master_knowledge_graph,Q,inquiry_evidence_and_discourse,drafted,q2-compare-classify-and-sequence-evidence,Incubation,Drafted,inquiry-entry-node-package,Synthetic,mastery-node-config,1,0,15,5,blocked;emerging;provisional;secure;unstable,4,direct_performance;meaning;transfer;retention,4,0.85,true,true,14,CapabilityNode;SocialStudiesNode
Q2A,compare_classify_and_sequence_evidence_foundations_and_examples,q2a-compare-classify-and-sequence-evidence-foundations-and-examples,social_studies,master_knowledge_graph,Q,inquiry_evidence_and_discourse,drafted,q2a-compare-classify-and-sequence-evidence-foundations-and-examples,Incubation,Drafted,inquiry-decomposition-node-package,Synthetic,mastery-node-config,0,0,15,5,blocked;emerging;provisional;secure;unstable,4,direct_performance;meaning;transfer;retention,4,0.85,true,true,14,CapabilityNode;SocialStudiesNode
Q2B,compare_classify_and_sequence_evidence_classification_and_organization,q2b-compare-classify-and-sequence-evidence-classification-and-organization,social_studies,master_knowledge_graph,Q,inquiry_evidence_and_discourse,drafted,q2b-compare-classify-and-sequence-evidence-classification-and-organization,Incubation,Drafted,inquiry-decomposition-node-package,Synthetic,mastery-node-config,1,0,15,5,blocked;emerging;provisional;secure;unstable,4,direct_performance;meaning;transfer;retention,4,0.85,true,true,14,CapabilityNode;SocialStudiesNode
Q2C,compare_classify_and_sequence_evidence_explanation_and_application,q2c-compare-classify-and-sequence-evidence-explanation-and-application,social_studies,master_knowledge_graph,Q,inquiry_evidence_and_discourse,drafted,q2c-compare-classify-and-sequence-evidence-explanation-and-application,Incubation,Drafted,inquiry-decomposition-node-package,Synthetic,mastery-node-config,1,0,15,5,blocked;emerging;provisional;secure;unstable,4,direct_performance;meaning;transfer;retention,4,0.85,true,true,14,CapabilityNode;SocialStudiesNode
Q2D,compare_classify_and_sequence_evidence_transfer_and_contextual_use,q2d-compare-classify-and-sequence-evidence-transfer-and-contextual-use,social_studies,master_knowledge_graph,Q,inquiry_evidence_and_discourse,drafted,q2d-compare-classify-and-sequence-evidence-transfer-and-contextual-use,Incubation,Drafted,inquiry-decomposition-node-package,Synthetic,mastery-node-config,1,0,15,5,blocked;emerging;provisional;secure;unstable,4,direct_performance;meaning;transfer;retention,4,0.85,true,true,14,CapabilityNode;SocialStudiesNode
Q3,supported_explanation_from_evidence,q3-supported-explanation-from-evidence,social_studies,master_knowledge_graph,Q,inquiry_evidence_and_discourse,drafted,q3-supported-explanation-from-evidence,Incubation,Drafted,social-studies-explanation-node-package,Synthetic,mastery-node-config,1,0,15,5,blocked;emerging;provisional;secure;unstable,4,direct_performance;meaning;transfer;retention,4,0.85,true,true,14,CapabilityNode;SocialStudiesNode
Q3A,supported_explanation_from_evidence_foundations_and_examples,q3a-supported-explanation-from-evidence-foundations-and-examples,social_studies,master_knowledge_graph,Q,inquiry_evidence_and_discourse,drafted,q3a-supported-explanation-from-evidence-foundations-and-examples,Incubation,Drafted,inquiry-decomposition-node-package,Synthetic,mastery-node-config,0,0,15,5,blocked;emerging;provisional;secure;unstable,4,direct_performance;meaning;transfer;retention,4,0.85,true,true,14,CapabilityNode;SocialStudiesNode
Q3B,supported_explanation_from_evidence_classification_and_organization,q3b-supported-explanation-from-evidence-classification-and-organization,social_studies,master_knowledge_graph,Q,inquiry_evidence_and_discourse,drafted,q3b-supported-explanation-from-evidence-classification-and-organization,Incubation,Drafted,inquiry-decomposition-node-package,Synthetic,mastery-node-config,1,0,15,5,blocked;emerging;provisional;secure;unstable,4,direct_performance;meaning;transfer;retention,4,0.85,true,true,14,CapabilityNode;SocialStudiesNode
Q3C,supported_explanation_from_evidence_explanation_and_application,q3c-supported-explanation-from-evidence-explanation-and-application,social_studies,master_knowledge_graph,Q,inquiry_evidence_and_discourse,drafted,q3c-supported-explanation-from-evidence-explanation-and-application,Incubation,Drafted,inquiry-decomposition-node-package,Synthetic,mastery-node-config,1,0,15,5,blocked;emerging;provisional;secure;unstable,4,direct_performance;meaning;transfer;retention,4,0.85,true,true,14,CapabilityNode;SocialStudiesNode
Q3D,supported_explanation_from_evidence_transfer_and_contextual_use,q3d-supported-explanation-from-evidence-transfer-and-contextual-use,social_studies,master_knowledge_graph,Q,inquiry_evidence_and_discourse,drafted,q3d-supported-explanation-from-evidence-transfer-and-contextual-use,Incubation,Drafted,inquiry-decomposition-node-package,Synthetic,mastery-node-config,1,0,15,5,blocked;emerging;provisional;secure;unstable,4,direct_performance;meaning;transfer;retention,4,0.85,true,true,14,CapabilityNode;SocialStudiesNode
Q4,investigation_design_representation_and_data_use,q4-investigation-design-representation-and-data-use,social_studies,master_knowledge_graph,Q,inquiry_evidence_and_discourse,drafted,q4-investigation-design-representation-and-data-use,Incubation,Drafted,social-studies-investigation-node-package,Synthetic,mastery-node-config,1,0,15,5,blocked;emerging;provisional;secure;unstable,4,direct_performance;meaning;transfer;retention,4,0.85,true,true,14,CapabilityNode;SocialStudiesNode
Q4A,investigation_design_representation_and_data_use_foundations_and_examples,q4a-investigation-design-representation-and-data-use-foundations-and-examples,social_studies,master_knowledge_graph,Q,inquiry_evidence_and_discourse,drafted,q4a-investigation-design-representation-and-data-use-foundations-and-examples,Incubation,Drafted,inquiry-decomposition-node-package,Synthetic,mastery-node-config,0,0,15,5,blocked;emerging;provisional;secure;unstable,4,direct_performance;meaning;transfer;retention,4,0.85,true,true,14,CapabilityNode;SocialStudiesNode
Q4B,investigation_design_representation_and_data_use_classification_and_organization,q4b-investigation-design-representation-and-data-use-classification-and-organization,social_studies,master_knowledge_graph,Q,inquiry_evidence_and_discourse,drafted,q4b-investigation-design-representation-and-data-use-classification-and-organization,Incubation,Drafted,inquiry-decomposition-node-package,Synthetic,mastery-node-config,1,0,15,5,blocked;emerging;provisional;secure;unstable,4,direct_performance;meaning;transfer;retention,4,0.85,true,true,14,CapabilityNode;SocialStudiesNode
Q4C,investigation_design_representation_and_data_use_explanation_and_application,q4c-investigation-design-representation-and-data-use-explanation-and-application,social_studies,master_knowledge_graph,Q,inquiry_evidence_and_discourse,drafted,q4c-investigation-design-representation-and-data-use-explanation-and-application,Incubation,Drafted,inquiry-decomposition-node-package,Synthetic,mastery-node-config,1,0,15,5,blocked;emerging;provisional;secure;unstable,4,direct_performance;meaning;transfer;retention,4,0.85,true,true,14,CapabilityNode;SocialStudiesNode
Q4D,investigation_design_representation_and_data_use_transfer_and_contextual_use,q4d-investigation-design-representation-and-data-use-transfer-and-contextual-use,social_studies,master_knowledge_graph,Q,inquiry_evidence_and_discourse,drafted,q4d-investigation-design-representation-and-data-use-transfer-and-contextual-use,Incubation,Drafted,inquiry-decomposition-node-package,Synthetic,mastery-node-config,1,0,15,5,blocked;emerging;provisional;secure;unstable,4,direct_performance;meaning;transfer;retention,4,0.85,true,true,14,CapabilityNode;SocialStudiesNode
Q5,evaluation_of_sources_models_and_claims,q5-evaluation-of-sources-models-and-claims,social_studies,master_knowledge_graph,Q,inquiry_evidence_and_discourse,drafted,q5-evaluation-of-sources-models-and-claims,Incubation,Drafted,social-studies-evaluation-node-package,Synthetic,mastery-node-config,1,0,15,5,blocked;emerging;provisional;secure;unstable,4,direct_performance;meaning;transfer;retention,4,0.85,true,true,14,CapabilityNode;SocialStudiesNode
Q5A,evaluation_of_sources_models_and_claims_foundations_and_examples,q5a-evaluation-of-sources-models-and-claims-foundations-and-examples,social_studies,master_knowledge_graph,Q,inquiry_evidence_and_discourse,drafted,q5a-evaluation-of-sources-models-and-claims-foundations-and-examples,Incubation,Drafted,inquiry-decomposition-node-package,Synthetic,mastery-node-config,0,0,15,5,blocked;emerging;provisional;secure;unstable,4,direct_performance;meaning;transfer;retention,4,0.85,true,true,14,CapabilityNode;SocialStudiesNode
Q5B,evaluation_of_sources_models_and_claims_classification_and_organization,q5b-evaluation-of-sources-models-and-claims-classification-and-organization,social_studies,master_knowledge_graph,Q,inquiry_evidence_and_discourse,drafted,q5b-evaluation-of-sources-models-and-claims-classification-and-organization,Incubation,Drafted,inquiry-decomposition-node-package,Synthetic,mastery-node-config,1,0,15,5,blocked;emerging;provisional;secure;unstable,4,direct_performance;meaning;transfer;retention,4,0.85,true,true,14,CapabilityNode;SocialStudiesNode
Q5C,evaluation_of_sources_models_and_claims_explanation_and_application,q5c-evaluation-of-sources-models-and-claims-explanation-and-application,social_studies,master_knowledge_graph,Q,inquiry_evidence_and_discourse,drafted,q5c-evaluation-of-sources-models-and-claims-explanation-and-application,Incubation,Drafted,inquiry-decomposition-node-package,Synthetic,mastery-node-config,1,0,15,5,blocked;emerging;provisional;secure;unstable,4,direct_performance;meaning;transfer;retention,4,0.85,true,true,14,CapabilityNode;SocialStudiesNode
Q5D,evaluation_of_sources_models_and_claims_transfer_and_contextual_use,q5d-evaluation-of-sources-models-and-claims-transfer-and-contextual-use,social_studies,master_knowledge_graph,Q,inquiry_evidence_and_discourse,drafted,q5d-evaluation-of-sources-models-and-claims-transfer-and-contextual-use,Incubation,Drafted,inquiry-decomposition-node-package,Synthetic,mastery-node-config,1,0,15,5,blocked;emerging;provisional;secure;unstable,4,direct_performance;meaning;transfer;retention,4,0.85,true,true,14,CapabilityNode;SocialStudiesNode
Q6,synthesis_argument_and_public_communication,q6-synthesis-argument-and-public-communication,social_studies,master_knowledge_graph,Q,inquiry_evidence_and_discourse,drafted,q6-synthesis-argument-and-public-communication,Incubation,Drafted,social-studies-synthesis-and-argument-node-package,Synthetic,mastery-node-config,1,0,15,5,blocked;emerging;provisional;secure;unstable,4,direct_performance;meaning;transfer;retention,4,0.85,true,true,14,CapabilityNode;SocialStudiesNode
Q6A,synthesis_argument_and_public_communication_foundations_and_examples,q6a-synthesis-argument-and-public-communication-foundations-and-examples,social_studies,master_knowledge_graph,Q,inquiry_evidence_and_discourse,drafted,q6a-synthesis-argument-and-public-communication-foundations-and-examples,Incubation,Drafted,inquiry-decomposition-node-package,Synthetic,mastery-node-config,0,0,15,5,blocked;emerging;provisional;secure;unstable,4,direct_performance;meaning;transfer;retention,4,0.85,true,true,14,CapabilityNode;SocialStudiesNode
Q6B,synthesis_argument_and_public_communication_classification_and_organization,q6b-synthesis-argument-and-public-communication-classification-and-organization,social_studies,master_knowledge_graph,Q,inquiry_evidence_and_discourse,drafted,q6b-synthesis-argument-and-public-communication-classification-and-organization,Incubation,Drafted,inquiry-decomposition-node-package,Synthetic,mastery-node-config,1,0,15,5,blocked;emerging;provisional;secure;unstable,4,direct_performance;meaning;transfer;retention,4,0.85,true,true,14,CapabilityNode;SocialStudiesNode
Q6C,synthesis_argument_and_public_communication_explanation_and_application,q6c-synthesis-argument-and-public-communication-explanation-and-application,social_studies,master_knowledge_graph,Q,inquiry_evidence_and_discourse,drafted,q6c-synthesis-argument-and-public-communication-explanation-and-application,Incubation,Drafted,inquiry-decomposition-node-package,Synthetic,mastery-node-config,1,0,15,5,blocked;emerging;provisional;secure;unstable,4,direct_performance;meaning;transfer;retention,4,0.85,true,true,14,CapabilityNode;SocialStudiesNode
Q6D,synthesis_argument_and_public_communication_transfer_and_contextual_use,q6d-synthesis-argument-and-public-communication-transfer-and-contextual-use,social_studies,master_knowledge_graph,Q,inquiry_evidence_and_discourse,drafted,q6d-synthesis-argument-and-public-communication-transfer-and-contextual-use,Incubation,Drafted,inquiry-decomposition-node-package,Synthetic,mastery-node-config,1,0,15,5,blocked;emerging;provisional;secure;unstable,4,direct_performance;meaning;transfer;retention,4,0.85,true,true,14,CapabilityNode;SocialStudiesNode
