node_id:ID(CapabilityNode),name,slug,domain,graph_id,family_id,family_name,implementation_state,node_directory,support_tier,maturity_state,supported_profiles:string[],evidence_class,node_package_shape,dependency_count:int,declared_artifact_file_count:int,artifact_file_count:int,status_count:int,statuses:string[],verification_gate_count:int,verification_gate_types:string[],failure_mode_count:int,direct_accuracy_threshold:float,explanation_required:boolean,transfer_required:boolean,retention_check_days:int,:LABEL
Z1,attention_to_quantity,z1-attention-to-quantity,mathematics,master_knowledge_graph,Z,zero_state_and_precounting,implemented,z1-attention-to-quantity,Core release,Drafted,upstream-readiness-node-package,Synthetic,mastery-node-config,0,0,14,5,blocked;emerging;provisional;secure;unstable,4,direct_performance;meaning;transfer;retention,4,0.9,true,true,14,CapabilityNode;MathematicsNode
Z2,match_and_sort_objects,z2-match-and-sort-objects,mathematics,master_knowledge_graph,Z,zero_state_and_precounting,implemented,z2-match-and-sort-objects,Core release,Drafted,upstream-readiness-node-package,Synthetic,mastery-node-config,1,0,14,5,blocked;emerging;provisional;secure;unstable,4,direct_performance;meaning;transfer;retention,4,0.9,true,true,14,CapabilityNode;MathematicsNode
Z3,pattern_and_sequence_readiness,z3-pattern-and-sequence-readiness,mathematics,master_knowledge_graph,Z,zero_state_and_precounting,implemented,z3-pattern-and-sequence-readiness,Core release,Drafted,upstream-readiness-node-package,Synthetic,mastery-node-config,1,0,14,5,blocked;emerging;provisional;secure;unstable,4,direct_performance;meaning;transfer;retention,4,0.9,true,true,14,CapabilityNode;MathematicsNode
C1,stable_counting_sequence,c1-stable-counting-sequence,mathematics,master_knowledge_graph,C,counting_and_cardinality,implemented,c1-stable-counting-sequence,Core release,Drafted,upstream-readiness-node-package,Synthetic,mastery-node-config,1,0,14,5,blocked;emerging;provisional;secure;unstable,4,direct_performance;meaning;transfer;retention,4,0.9,true,true,14,CapabilityNode;MathematicsNode
C2,one_to_one_correspondence,c2-one-to-one-correspondence,mathematics,master_knowledge_graph,C,counting_and_cardinality,implemented,c2-one-to-one-correspondence,Core release,Drafted,upstream-readiness-node-package,Synthetic,mastery-node-config,1,0,14,5,blocked;emerging;provisional;secure;unstable,4,direct_performance;meaning;transfer;retention,4,0.9,true,true,14,CapabilityNode;MathematicsNode
C3,cardinality,c3-cardinality,mathematics,master_knowledge_graph,C,counting_and_cardinality,implemented,c3-cardinality,Core release,Drafted,upstream-readiness-node-package,Synthetic,mastery-node-config,1,0,14,5,blocked;emerging;provisional;secure;unstable,4,direct_performance;meaning;transfer;retention,4,0.9,true,true,14,CapabilityNode;MathematicsNode
C4,compare_small_quantities,c4-compare-small-quantities,mathematics,master_knowledge_graph,C,counting_and_cardinality,implemented,c4-compare-small-quantities,Core release,Drafted,upstream-readiness-node-package,Synthetic,mastery-node-config,1,0,14,5,blocked;emerging;provisional;secure;unstable,4,direct_performance;meaning;transfer;retention,4,0.9,true,true,14,CapabilityNode;MathematicsNode
C5,numeral_recognition_and_writing_readiness,c5-numeral-recognition-and-writing-readiness,mathematics,master_knowledge_graph,C,counting_and_cardinality,implemented,c5-numeral-recognition-and-writing-readiness,Core release,Drafted,upstream-readiness-node-package,,artifact-index-config,1,13,14,0,,0,,0,,,,,CapabilityNode;MathematicsNode
C6,quantity_symbol_correspondence,c6-quantity-symbol-correspondence,mathematics,master_knowledge_graph,C,counting_and_cardinality,implemented,c6-quantity-symbol-correspondence,Core release,Drafted,upstream-readiness-node-package,,artifact-index-config,2,13,14,0,,0,,0,,,,,CapabilityNode;MathematicsNode
N1,compose_and_decompose_small_numbers,n1-compose-and-decompose-small-numbers,mathematics,master_knowledge_graph,N,whole_number_and_operations,implemented,n1-compose-and-decompose-small-numbers,Core release,Drafted,upstream-readiness-node-package,Synthetic,mastery-node-config,1,0,14,5,blocked;emerging;provisional;secure;unstable,4,direct_performance;meaning;transfer;retention,4,0.9,true,true,14,CapabilityNode;MathematicsNode
N2,addition_and_subtraction_meaning,n2-addition-and-subtraction-meaning,mathematics,master_knowledge_graph,N,whole_number_and_operations,implemented,n2-addition-and-subtraction-meaning,Core release,Drafted,upstream-readiness-node-package,Synthetic,mastery-node-config,1,0,14,5,blocked;emerging;provisional;secure;unstable,4,direct_performance;meaning;transfer;retention,4,0.9,true,true,14,CapabilityNode;MathematicsNode
N3,count_on_and_count_back,n3-count-on-and-count-back,mathematics,master_knowledge_graph,N,whole_number_and_operations,implemented,n3-count-on-and-count-back,Core release,Drafted,upstream-readiness-node-package,Synthetic,mastery-node-config,1,0,14,5,blocked;emerging;provisional;secure;unstable,4,direct_performance;meaning;transfer;retention,4,0.9,true,true,14,CapabilityNode;MathematicsNode
N4,fluency_foundations,n4-fluency-foundations,mathematics,master_knowledge_graph,N,whole_number_and_operations,implemented,n4-fluency-foundations,Core release,Drafted,upstream-readiness-node-package,Synthetic,mastery-node-config,2,0,14,5,blocked;emerging;provisional;secure;unstable,4,direct_performance;meaning;transfer;retention,4,0.92,true,true,21,CapabilityNode;MathematicsNode
N5,teen_numbers_and_base_ten_composition_readiness,n5-teen-numbers-and-base-ten-composition-readiness,mathematics,master_knowledge_graph,N,whole_number_and_operations,implemented,n5-teen-numbers-and-base-ten-composition-readiness,Core release,Drafted,upstream-readiness-node-package,Synthetic,mastery-node-config,2,0,14,5,blocked;emerging;provisional;secure;unstable,4,direct_performance;meaning;transfer;retention,4,0.9,true,true,14,CapabilityNode;MathematicsNode
N6,early_place_value_grouping_logic,n6-early-place-value-grouping-logic,mathematics,master_knowledge_graph,N,whole_number_and_operations,implemented,n6-early-place-value-grouping-logic,Core release,Drafted,upstream-readiness-node-package,Synthetic,mastery-node-config,1,0,14,5,blocked;emerging;provisional;secure;unstable,4,direct_performance;meaning;transfer;retention,4,0.9,true,true,21,CapabilityNode;MathematicsNode
V1,two_digit_number_structure,v1-two-digit-number-structure,mathematics,master_knowledge_graph,V,place_value_and_multidigit_whole_numbers,implemented,v1-two-digit-number-structure,Core release,Drafted,upstream-readiness-node-package,Synthetic,mastery-node-config,1,0,14,5,blocked;emerging;provisional;secure;unstable,4,direct_performance;meaning;transfer;retention,4,0.9,true,true,14,CapabilityNode;MathematicsNode
V2,compare_and_order_multidigit_numbers,v2-compare-and-order-multidigit-numbers,mathematics,master_knowledge_graph,V,place_value_and_multidigit_whole_numbers,implemented,v2-compare-and-order-multidigit-numbers,Core release,Drafted,upstream-readiness-node-package,Synthetic,mastery-node-config,1,0,14,5,blocked;emerging;provisional;secure;unstable,4,direct_performance;meaning;transfer;retention,4,0.9,true,true,14,CapabilityNode;MathematicsNode
V3,add_subtract_within_100_strategies,v3-add-subtract-within-100-strategies,mathematics,master_knowledge_graph,V,place_value_and_multidigit_whole_numbers,implemented,v3-add-subtract-within-100-strategies,Core release,Drafted,upstream-readiness-node-package,Synthetic,mastery-node-config,2,0,14,5,blocked;emerging;provisional;secure;unstable,4,direct_performance;meaning;transfer;retention,4,0.9,true,true,21,CapabilityNode;MathematicsNode
V4,regrouping_and_base_ten_equivalence,v4-regrouping-and-base-ten-equivalence,mathematics,master_knowledge_graph,V,place_value_and_multidigit_whole_numbers,implemented,v4-regrouping-and-base-ten-equivalence,Core release,Drafted,upstream-readiness-node-package,Synthetic,mastery-node-config,2,0,14,5,blocked;emerging;provisional;secure;unstable,4,direct_performance;meaning;transfer;retention,4,0.9,true,true,21,CapabilityNode;MathematicsNode
V5,add_subtract_within_1000,v5-add-subtract-within-1000,mathematics,master_knowledge_graph,V,place_value_and_multidigit_whole_numbers,implemented,v5-add-subtract-within-1000,Core release,Drafted,upstream-readiness-node-package,Synthetic,mastery-node-config,1,0,14,5,blocked;emerging;provisional;secure;unstable,4,direct_performance;meaning;transfer;retention,4,0.9,true,true,21,CapabilityNode;MathematicsNode
X1,tenths_as_decimal_units,x1-tenths-as-decimal-units,mathematics,master_knowledge_graph,X,decimals_and_fraction_decimal_connections,implemented,x1-tenths-as-decimal-units,Core release,Drafted,upstream-readiness-node-package,Synthetic,mastery-node-config,2,0,14,5,blocked;emerging;provisional;secure;unstable,4,direct_performance;meaning;transfer;retention,4,0.9,true,true,14,CapabilityNode;MathematicsNode
X2,decimal_place_value_structure,x2-decimal-place-value-structure,mathematics,master_knowledge_graph,X,decimals_and_fraction_decimal_connections,implemented,x2-decimal-place-value-structure,Core release,Drafted,upstream-readiness-node-package,Synthetic,mastery-node-config,2,0,14,5,blocked;emerging;provisional;secure;unstable,4,direct_performance;meaning;transfer;retention,4,0.9,true,true,14,CapabilityNode;MathematicsNode
X3,compare_and_order_decimals,x3-compare-and-order-decimals,mathematics,master_knowledge_graph,X,decimals_and_fraction_decimal_connections,implemented,x3-compare-and-order-decimals,Core release,Drafted,upstream-readiness-node-package,Synthetic,mastery-node-config,2,0,14,5,blocked;emerging;provisional;secure;unstable,4,direct_performance;meaning;transfer;retention,4,0.9,true,true,14,CapabilityNode;MathematicsNode
X4,fraction_decimal_benchmark_connections,x4-fraction-decimal-benchmark-connections,mathematics,master_knowledge_graph,X,decimals_and_fraction_decimal_connections,implemented,x4-fraction-decimal-benchmark-connections,Core release,Drafted,upstream-readiness-node-package,Synthetic,mastery-node-config,2,0,14,5,blocked;emerging;provisional;secure;unstable,4,direct_performance;meaning;transfer;retention,4,0.88,true,true,21,CapabilityNode;MathematicsNode
X5,decimal_locations_on_number_line,x5-decimal-locations-on-number-line,mathematics,master_knowledge_graph,X,decimals_and_fraction_decimal_connections,implemented,x5-decimal-locations-on-number-line,Core release,Drafted,upstream-readiness-node-package,Synthetic,mastery-node-config,2,0,14,5,blocked;emerging;provisional;secure;unstable,4,direct_performance;meaning;transfer;retention,4,0.88,true,true,21,CapabilityNode;MathematicsNode
U1,equal_groups,u1-equal-groups,mathematics,master_knowledge_graph,U,unitizing_and_sharing,implemented,u1-equal-groups,Core release,Drafted,upstream-readiness-node-package,Synthetic,mastery-node-config,1,0,14,5,blocked;emerging;provisional;secure;unstable,4,direct_performance;meaning;transfer;retention,4,0.9,true,true,14,CapabilityNode;MathematicsNode
U2,repeated_unit_reasoning,u2-repeated-unit-reasoning,mathematics,master_knowledge_graph,U,unitizing_and_sharing,implemented,u2-repeated-unit-reasoning,Core release,Drafted,upstream-readiness-node-package,Synthetic,mastery-node-config,1,0,14,5,blocked;emerging;provisional;secure;unstable,4,direct_performance;meaning;transfer;retention,4,0.9,true,true,14,CapabilityNode;MathematicsNode
U3,sharing_and_fair_partitioning,u3-sharing-and-fair-partitioning,mathematics,master_knowledge_graph,U,unitizing_and_sharing,implemented,u3-sharing-and-fair-partitioning,Core release,Drafted,upstream-readiness-node-package,Synthetic,mastery-node-config,1,0,14,5,blocked;emerging;provisional;secure;unstable,4,direct_performance;meaning;transfer;retention,4,0.9,true,true,14,CapabilityNode;MathematicsNode
U4,equal_partitioning_of_a_whole,u4-equal-partitioning-of-a-whole,mathematics,master_knowledge_graph,U,unitizing_and_sharing,implemented,u4-equal-partitioning-of-a-whole,Core release,Drafted,upstream-readiness-node-package,Synthetic,mastery-node-config,1,0,14,5,blocked;emerging;provisional;secure;unstable,4,direct_performance;meaning;transfer;retention,4,0.9,true,true,14,CapabilityNode;MathematicsNode
U5,equal_group_multiplication_readiness,u5-equal-group-multiplication-readiness,mathematics,master_knowledge_graph,U,unitizing_and_sharing,implemented,u5-equal-group-multiplication-readiness,Core release,Drafted,upstream-readiness-node-package,Synthetic,mastery-node-config,1,0,14,5,blocked;emerging;provisional;secure;unstable,4,direct_performance;meaning;transfer;retention,4,0.9,true,true,14,CapabilityNode;MathematicsNode
U6,equal_share_division_readiness,u6-equal-share-division-readiness,mathematics,master_knowledge_graph,U,unitizing_and_sharing,implemented,u6-equal-share-division-readiness,Core release,Drafted,upstream-readiness-node-package,Synthetic,mastery-node-config,1,0,14,5,blocked;emerging;provisional;secure;unstable,4,direct_performance;meaning;transfer;retention,4,0.9,true,true,14,CapabilityNode;MathematicsNode
T1,arrays_and_rectangular_structures,t1-arrays-and-rectangular-structures,mathematics,master_knowledge_graph,T,multiplicative_reasoning_and_division,implemented,t1-arrays-and-rectangular-structures,Core release,Drafted,upstream-readiness-node-package,Synthetic,mastery-node-config,2,0,14,5,blocked;emerging;provisional;secure;unstable,4,direct_performance;meaning;transfer;retention,4,0.9,true,true,14,CapabilityNode;MathematicsNode
T2,multiplication_fact_structure,t2-multiplication-fact-structure,mathematics,master_knowledge_graph,T,multiplicative_reasoning_and_division,implemented,t2-multiplication-fact-structure,Core release,Drafted,upstream-readiness-node-package,Synthetic,mastery-node-config,2,0,14,5,blocked;emerging;provisional;secure;unstable,4,direct_performance;meaning;transfer;retention,4,0.9,true,true,21,CapabilityNode;MathematicsNode
T3,division_as_unknown_group_or_share,t3-division-as-unknown-group-or-share,mathematics,master_knowledge_graph,T,multiplicative_reasoning_and_division,implemented,t3-division-as-unknown-group-or-share,Core release,Drafted,upstream-readiness-node-package,Synthetic,mastery-node-config,2,0,14,5,blocked;emerging;provisional;secure;unstable,4,direct_performance;meaning;transfer;retention,4,0.9,true,true,21,CapabilityNode;MathematicsNode
T4,multiplicative_comparison_and_scaling,t4-multiplicative-comparison-and-scaling,mathematics,master_knowledge_graph,T,multiplicative_reasoning_and_division,implemented,t4-multiplicative-comparison-and-scaling,Core release,Drafted,upstream-readiness-node-package,Synthetic,mastery-node-config,2,0,14,5,blocked;emerging;provisional;secure;unstable,4,direct_performance;meaning;transfer;retention,4,0.88,true,true,21,CapabilityNode;MathematicsNode
T5,factors_multiples_and_divisibility,t5-factors-multiples-and-divisibility,mathematics,master_knowledge_graph,T,multiplicative_reasoning_and_division,implemented,t5-factors-multiples-and-divisibility,Core release,Drafted,upstream-readiness-node-package,Synthetic,mastery-node-config,2,0,14,5,blocked;emerging;provisional;secure;unstable,4,direct_performance;meaning;transfer;retention,4,0.9,true,true,21,CapabilityNode;MathematicsNode
T6,multidigit_multiplication_structure,t6-multidigit-multiplication-structure,mathematics,master_knowledge_graph,T,multiplicative_reasoning_and_division,implemented,t6-multidigit-multiplication-structure,Core release,Drafted,upstream-readiness-node-package,Synthetic,mastery-node-config,2,0,14,5,blocked;emerging;provisional;secure;unstable,4,direct_performance;meaning;transfer;retention,4,0.88,true,true,21,CapabilityNode;MathematicsNode
T7,multidigit_division_and_remainder_interpretation,t7-multidigit-division-and-remainder-interpretation,mathematics,master_knowledge_graph,T,multiplicative_reasoning_and_division,implemented,t7-multidigit-division-and-remainder-interpretation,Core release,Drafted,upstream-readiness-node-package,Synthetic,mastery-node-config,2,0,14,5,blocked;emerging;provisional;secure;unstable,4,direct_performance;meaning;transfer;retention,4,0.88,true,true,21,CapabilityNode;MathematicsNode
M1,measurable_attributes,m1-measurable-attributes,mathematics,master_knowledge_graph,M,measurement_and_magnitude,implemented,m1-measurable-attributes,Core release,Drafted,upstream-readiness-node-package,Synthetic,mastery-node-config,1,0,14,5,blocked;emerging;provisional;secure;unstable,4,direct_performance;meaning;transfer;retention,4,0.9,true,true,14,CapabilityNode;MathematicsNode
M2,iterated_units,m2-iterated-units,mathematics,master_knowledge_graph,M,measurement_and_magnitude,implemented,m2-iterated-units,Core release,Drafted,upstream-readiness-node-package,Synthetic,mastery-node-config,1,0,14,5,blocked;emerging;provisional;secure;unstable,4,direct_performance;meaning;transfer;retention,4,0.9,true,true,14,CapabilityNode;MathematicsNode
M3,unit_size_matters,m3-unit-size-matters,mathematics,master_knowledge_graph,M,measurement_and_magnitude,implemented,m3-unit-size-matters,Core release,Drafted,upstream-readiness-node-package,Synthetic,mastery-node-config,1,0,14,5,blocked;emerging;provisional;secure;unstable,4,direct_performance;meaning;transfer;retention,4,0.9,true,true,14,CapabilityNode;MathematicsNode
M4,length_comparison_and_ordering,m4-length-comparison-and-ordering,mathematics,master_knowledge_graph,M,measurement_and_magnitude,implemented,m4-length-comparison-and-ordering,Core release,Drafted,upstream-readiness-node-package,Synthetic,mastery-node-config,1,0,14,5,blocked;emerging;provisional;secure;unstable,4,direct_performance;meaning;transfer;retention,4,0.9,true,true,14,CapabilityNode;MathematicsNode
M5,indirect_comparison_and_transitivity,m5-indirect-comparison-and-transitivity,mathematics,master_knowledge_graph,M,measurement_and_magnitude,implemented,m5-indirect-comparison-and-transitivity,Core release,Drafted,upstream-readiness-node-package,Synthetic,mastery-node-config,1,0,14,5,blocked;emerging;provisional;secure;unstable,4,direct_performance;meaning;transfer;retention,4,0.9,true,true,14,CapabilityNode;MathematicsNode
M6,time_calendar_and_sequence_measurement_readiness,m6-time-calendar-and-sequence-measurement-readiness,mathematics,master_knowledge_graph,M,measurement_and_magnitude,implemented,m6-time-calendar-and-sequence-measurement-readiness,Core release,Drafted,upstream-readiness-node-package,Synthetic,mastery-node-config,1,0,14,5,blocked;emerging;provisional;secure;unstable,4,direct_performance;meaning;transfer;retention,4,0.9,true,true,14,CapabilityNode;MathematicsNode
M7,money_and_value_unit_readiness,m7-money-and-value-unit-readiness,mathematics,master_knowledge_graph,M,measurement_and_magnitude,implemented,m7-money-and-value-unit-readiness,Core release,Drafted,upstream-readiness-node-package,Synthetic,mastery-node-config,1,0,14,5,blocked;emerging;provisional;secure;unstable,4,direct_performance;meaning;transfer;retention,4,0.9,true,true,14,CapabilityNode;MathematicsNode
M8,standard_length_units_and_tool_use,m8-standard-length-units-and-tool-use,mathematics,master_knowledge_graph,M,measurement_and_magnitude,implemented,m8-standard-length-units-and-tool-use,Core release,Drafted,upstream-readiness-node-package,Synthetic,mastery-node-config,2,0,14,5,blocked;emerging;provisional;secure;unstable,4,direct_performance;meaning;transfer;retention,4,0.9,true,true,14,CapabilityNode;MathematicsNode
M9,perimeter_area_and_unit_square_covering,m9-perimeter-area-and-unit-square-covering,mathematics,master_knowledge_graph,M,measurement_and_magnitude,implemented,m9-perimeter-area-and-unit-square-covering,Core release,Drafted,upstream-readiness-node-package,Synthetic,mastery-node-config,2,0,14,5,blocked;emerging;provisional;secure;unstable,4,direct_performance;meaning;transfer;retention,4,0.88,true,true,21,CapabilityNode;MathematicsNode
M10,clock_time_and_elapsed_intervals,m10-clock-time-and-elapsed-intervals,mathematics,master_knowledge_graph,M,measurement_and_magnitude,implemented,m10-clock-time-and-elapsed-intervals,Core release,Drafted,upstream-readiness-node-package,Synthetic,mastery-node-config,2,0,14,5,blocked;emerging;provisional;secure;unstable,4,direct_performance;meaning;transfer;retention,4,0.9,true,true,14,CapabilityNode;MathematicsNode
M11,money_composition_and_exchange,m11-money-composition-and-exchange,mathematics,master_knowledge_graph,M,measurement_and_magnitude,implemented,m11-money-composition-and-exchange,Core release,Drafted,upstream-readiness-node-package,Synthetic,mastery-node-config,2,0,14,5,blocked;emerging;provisional;secure;unstable,4,direct_performance;meaning;transfer;retention,4,0.88,true,true,21,CapabilityNode;MathematicsNode
M12,mass_and_volume_attributes,m12-mass-and-volume-attributes,mathematics,master_knowledge_graph,M,measurement_and_magnitude,implemented,m12-mass-and-volume-attributes,Core release,Drafted,upstream-readiness-node-package,Synthetic,mastery-node-config,1,0,14,5,blocked;emerging;provisional;secure;unstable,4,direct_performance;meaning;transfer;retention,4,0.9,true,true,14,CapabilityNode;MathematicsNode
M13,standard_mass_volume_units_and_comparison,m13-standard-mass-volume-units-and-comparison,mathematics,master_knowledge_graph,M,measurement_and_magnitude,implemented,m13-standard-mass-volume-units-and-comparison,Core release,Drafted,upstream-readiness-node-package,Synthetic,mastery-node-config,2,0,14,5,blocked;emerging;provisional;secure;unstable,4,direct_performance;meaning;transfer;retention,4,0.88,true,true,21,CapabilityNode;MathematicsNode
M14,unit_conversion_within_measurement_systems,m14-unit-conversion-within-measurement-systems,mathematics,master_knowledge_graph,M,measurement_and_magnitude,implemented,m14-unit-conversion-within-measurement-systems,Core release,Drafted,upstream-readiness-node-package,Synthetic,mastery-node-config,4,0,14,5,blocked;emerging;provisional;secure;unstable,4,direct_performance;meaning;transfer;retention,4,0.88,true,true,21,CapabilityNode;MathematicsNode
G1,shape_recognition_and_classification,g1-shape-recognition-and-classification,mathematics,master_knowledge_graph,G,geometry_and_spatial_reasoning,implemented,g1-shape-recognition-and-classification,Core release,Drafted,upstream-readiness-node-package,Synthetic,mastery-node-config,1,0,14,5,blocked;emerging;provisional;secure;unstable,4,direct_performance;meaning;transfer;retention,4,0.9,true,true,14,CapabilityNode;MathematicsNode
G2,position_direction_and_spatial_language,g2-position-direction-and-spatial-language,mathematics,master_knowledge_graph,G,geometry_and_spatial_reasoning,implemented,g2-position-direction-and-spatial-language,Core release,Drafted,upstream-readiness-node-package,Synthetic,mastery-node-config,1,0,14,5,blocked;emerging;provisional;secure;unstable,4,direct_performance;meaning;transfer;retention,4,0.9,true,true,14,CapabilityNode;MathematicsNode
G3,compose_and_decompose_shapes,g3-compose-and-decompose-shapes,mathematics,master_knowledge_graph,G,geometry_and_spatial_reasoning,implemented,g3-compose-and-decompose-shapes,Core release,Drafted,upstream-readiness-node-package,Synthetic,mastery-node-config,1,0,14,5,blocked;emerging;provisional;secure;unstable,4,direct_performance;meaning;transfer;retention,4,0.9,true,true,14,CapabilityNode;MathematicsNode
G4,pattern_blocks_and_tiling_structure,g4-pattern-blocks-and-tiling-structure,mathematics,master_knowledge_graph,G,geometry_and_spatial_reasoning,implemented,g4-pattern-blocks-and-tiling-structure,Core release,Drafted,upstream-readiness-node-package,Synthetic,mastery-node-config,1,0,14,5,blocked;emerging;provisional;secure;unstable,4,direct_performance;meaning;transfer;retention,4,0.9,true,true,14,CapabilityNode;MathematicsNode
G5,symmetry_and_equal_part_visual_reasoning,g5-symmetry-and-equal-part-visual-reasoning,mathematics,master_knowledge_graph,G,geometry_and_spatial_reasoning,implemented,g5-symmetry-and-equal-part-visual-reasoning,Core release,Drafted,upstream-readiness-node-package,Synthetic,mastery-node-config,2,0,14,5,blocked;emerging;provisional;secure;unstable,4,direct_performance;meaning;transfer;retention,4,0.9,true,true,14,CapabilityNode;MathematicsNode
G6,polygon_attributes_and_hierarchy,g6-polygon-attributes-and-hierarchy,mathematics,master_knowledge_graph,G,geometry_and_spatial_reasoning,implemented,g6-polygon-attributes-and-hierarchy,Core release,Drafted,upstream-readiness-node-package,,artifact-index-config,2,13,14,0,,0,,0,,,,,CapabilityNode;MathematicsNode
G7,angle_concept_and_turn_measure,g7-angle-concept-and-turn-measure,mathematics,master_knowledge_graph,G,geometry_and_spatial_reasoning,implemented,g7-angle-concept-and-turn-measure,Core release,Drafted,upstream-readiness-node-package,,artifact-index-config,2,13,14,0,,0,,0,,,,,CapabilityNode;MathematicsNode
P1,repeating_patterns,p1-repeating-patterns,mathematics,master_knowledge_graph,P,pattern_and_algebraic_readiness,implemented,p1-repeating-patterns,Core release,Drafted,upstream-readiness-node-package,Synthetic,mastery-node-config,1,0,14,5,blocked;emerging;provisional;secure;unstable,4,direct_performance;meaning;transfer;retention,4,0.9,true,true,14,CapabilityNode;MathematicsNode
P2,growing_patterns,p2-growing-patterns,mathematics,master_knowledge_graph,P,pattern_and_algebraic_readiness,implemented,p2-growing-patterns,Core release,Drafted,upstream-readiness-node-package,Synthetic,mastery-node-config,1,0,14,5,blocked;emerging;provisional;secure;unstable,4,direct_performance;meaning;transfer;retention,4,0.9,true,true,14,CapabilityNode;MathematicsNode
P3,missing_element_pattern_reasoning,p3-missing-element-pattern-reasoning,mathematics,master_knowledge_graph,P,pattern_and_algebraic_readiness,implemented,p3-missing-element-pattern-reasoning,Core release,Drafted,upstream-readiness-node-package,Synthetic,mastery-node-config,1,0,14,5,blocked;emerging;provisional;secure;unstable,4,direct_performance;meaning;transfer;retention,4,0.9,true,true,14,CapabilityNode;MathematicsNode
P4,rule_language_and_structure_noticing,p4-rule-language-and-structure-noticing,mathematics,master_knowledge_graph,P,pattern_and_algebraic_readiness,implemented,p4-rule-language-and-structure-noticing,Core release,Drafted,upstream-readiness-node-package,Synthetic,mastery-node-config,1,0,14,5,blocked;emerging;provisional;secure;unstable,4,direct_performance;meaning;transfer;retention,4,0.9,true,true,14,CapabilityNode;MathematicsNode
D1,sort_and_classify_by_attribute,d1-sort-and-classify-by-attribute,mathematics,master_knowledge_graph,D,data_and_representation,implemented,d1-sort-and-classify-by-attribute,Core release,Drafted,upstream-readiness-node-package,Synthetic,mastery-node-config,1,0,14,5,blocked;emerging;provisional;secure;unstable,4,direct_performance;meaning;transfer;retention,4,0.9,true,true,14,CapabilityNode;MathematicsNode
D2,count_and_compare_category_totals,d2-count-and-compare-category-totals,mathematics,master_knowledge_graph,D,data_and_representation,implemented,d2-count-and-compare-category-totals,Core release,Drafted,upstream-readiness-node-package,Synthetic,mastery-node-config,1,0,14,5,blocked;emerging;provisional;secure;unstable,4,direct_performance;meaning;transfer;retention,4,0.9,true,true,14,CapabilityNode;MathematicsNode
D3,read_simple_picture_graphs_and_tallies,d3-read-simple-picture-graphs-and-tallies,mathematics,master_knowledge_graph,D,data_and_representation,implemented,d3-read-simple-picture-graphs-and-tallies,Core release,Drafted,upstream-readiness-node-package,Synthetic,mastery-node-config,1,0,14,5,blocked;emerging;provisional;secure;unstable,4,direct_performance;meaning;transfer;retention,4,0.9,true,true,14,CapabilityNode;MathematicsNode
D4,represent_simple_data_sets,d4-represent-simple-data-sets,mathematics,master_knowledge_graph,D,data_and_representation,implemented,d4-represent-simple-data-sets,Core release,Drafted,upstream-readiness-node-package,Synthetic,mastery-node-config,1,0,14,5,blocked;emerging;provisional;secure;unstable,4,direct_performance;meaning;transfer;retention,4,0.9,true,true,14,CapabilityNode;MathematicsNode
D5,scaled_bar_graphs_and_numerical_data,d5-scaled-bar-graphs-and-numerical-data,mathematics,master_knowledge_graph,D,data_and_representation,implemented,d5-scaled-bar-graphs-and-numerical-data,Core release,Drafted,upstream-readiness-node-package,,artifact-index-config,2,13,14,0,,0,,0,,,,,CapabilityNode;MathematicsNode
D6,line_plots_and_measurement_data,d6-line-plots-and-measurement-data,mathematics,master_knowledge_graph,D,data_and_representation,implemented,d6-line-plots-and-measurement-data,Core release,Drafted,upstream-readiness-node-package,,artifact-index-config,3,13,14,0,,0,,0,,,,,CapabilityNode;MathematicsNode
L1,ordered_positions_on_number_line,l1-ordered-positions-on-number-line,mathematics,master_knowledge_graph,L,number_line_and_linear_magnitude,implemented,l1-ordered-positions-on-number-line,Core release,Drafted,upstream-readiness-node-package,Synthetic,mastery-node-config,2,0,14,5,blocked;emerging;provisional;secure;unstable,4,direct_performance;meaning;transfer;retention,4,0.9,true,true,14,CapabilityNode;MathematicsNode
L2,whole_number_intervals_and_jumps,l2-whole-number-intervals-and-jumps,mathematics,master_knowledge_graph,L,number_line_and_linear_magnitude,implemented,l2-whole-number-intervals-and-jumps,Core release,Drafted,upstream-readiness-node-package,Synthetic,mastery-node-config,2,0,14,5,blocked;emerging;provisional;secure;unstable,4,direct_performance;meaning;transfer;retention,4,0.9,true,true,14,CapabilityNode;MathematicsNode
L3,multidigit_magnitude_on_number_line,l3-multidigit-magnitude-on-number-line,mathematics,master_knowledge_graph,L,number_line_and_linear_magnitude,implemented,l3-multidigit-magnitude-on-number-line,Core release,Drafted,upstream-readiness-node-package,Synthetic,mastery-node-config,2,0,14,5,blocked;emerging;provisional;secure;unstable,4,direct_performance;meaning;transfer;retention,4,0.88,true,true,21,CapabilityNode;MathematicsNode
L4,fraction_locations_on_number_line,l4-fraction-locations-on-number-line,mathematics,master_knowledge_graph,L,number_line_and_linear_magnitude,implemented,l4-fraction-locations-on-number-line,Core release,Drafted,upstream-readiness-node-package,Synthetic,mastery-node-config,3,0,14,5,blocked;emerging;provisional;secure;unstable,4,direct_performance;meaning;transfer;retention,4,0.88,true,true,21,CapabilityNode;MathematicsNode
Y1,rounding_and_benchmark_whole_numbers,y1-rounding-and-benchmark-whole-numbers,mathematics,master_knowledge_graph,Y,estimation_and_reasonableness,implemented,y1-rounding-and-benchmark-whole-numbers,Core release,Drafted,upstream-readiness-node-package,Synthetic,mastery-node-config,1,0,14,5,blocked;emerging;provisional;secure;unstable,4,direct_performance;meaning;transfer;retention,4,0.9,true,true,14,CapabilityNode;MathematicsNode
Y2,whole_number_operation_estimation,y2-whole-number-operation-estimation,mathematics,master_knowledge_graph,Y,estimation_and_reasonableness,implemented,y2-whole-number-operation-estimation,Core release,Drafted,upstream-readiness-node-package,Synthetic,mastery-node-config,2,0,14,5,blocked;emerging;provisional;secure;unstable,4,direct_performance;meaning;transfer;retention,4,0.88,true,true,21,CapabilityNode;MathematicsNode
Y3,measurement_estimation_and_reasonableness,y3-measurement-estimation-and-reasonableness,mathematics,master_knowledge_graph,Y,estimation_and_reasonableness,implemented,y3-measurement-estimation-and-reasonableness,Core release,Drafted,upstream-readiness-node-package,Synthetic,mastery-node-config,2,0,14,5,blocked;emerging;provisional;secure;unstable,4,direct_performance;meaning;transfer;retention,4,0.88,true,true,21,CapabilityNode;MathematicsNode
Y4,fraction_benchmark_estimation,y4-fraction-benchmark-estimation,mathematics,master_knowledge_graph,Y,estimation_and_reasonableness,implemented,y4-fraction-benchmark-estimation,Core release,Drafted,upstream-readiness-node-package,Synthetic,mastery-node-config,2,0,14,5,blocked;emerging;provisional;secure;unstable,4,direct_performance;meaning;transfer;retention,4,0.88,true,true,21,CapabilityNode;MathematicsNode
R1,part_whole_reasoning_with_equal_parts,r1-part-whole-reasoning-with-equal-parts,mathematics,master_knowledge_graph,F,fraction_readiness_and_early_fraction,implemented,r1-part-whole-reasoning-with-equal-parts,Core release,Drafted,upstream-readiness-node-package,Synthetic,mastery-node-config,3,0,14,5,blocked;emerging;provisional;secure;unstable,4,direct_performance;meaning;transfer;retention,4,0.9,true,true,14,CapabilityNode;MathematicsNode
R2,unit_fraction_readiness,r2-unit-fraction-readiness,mathematics,master_knowledge_graph,F,fraction_readiness_and_early_fraction,implemented,r2-unit-fraction-readiness,Core release,Drafted,upstream-readiness-node-package,Synthetic,mastery-node-config,1,0,14,5,blocked;emerging;provisional;secure;unstable,4,direct_performance;meaning;transfer;retention,4,0.9,true,true,14,CapabilityNode;MathematicsNode
R3,symbol_preparation,r3-symbol-preparation,mathematics,master_knowledge_graph,F,fraction_readiness_and_early_fraction,implemented,r3-symbol-preparation,Core release,Drafted,upstream-readiness-node-package,Synthetic,mastery-node-config,1,0,14,5,blocked;emerging;provisional;secure;unstable,4,direct_performance;meaning;transfer;retention,4,0.9,true,true,14,CapabilityNode;MathematicsNode
F1,fraction_structure,f1-fraction-structure,mathematics,master_knowledge_graph,F,fraction_readiness_and_early_fraction,implemented,f1-fraction-structure,Core release,Drafted,downstream-node-package,Synthetic,mastery-node-config,3,0,14,5,blocked;emerging;provisional;secure;unstable,4,direct_performance;meaning;transfer;retention,3,0.9,true,true,14,CapabilityNode;MathematicsNode
F2,equivalent_fractions,f2-equivalent-fractions,mathematics,master_knowledge_graph,F,fraction_readiness_and_early_fraction,implemented,f2-equivalent-fractions,Core release,Drafted,initial-node-package,Synthetic,mastery-node-config,1,0,14,5,blocked;emerging;provisional;secure;unstable,4,direct_performance;meaning;transfer;retention,3,0.9,true,true,14,CapabilityNode;MathematicsNode
F3,compare_fractions,f3-compare-fractions,mathematics,master_knowledge_graph,F,fraction_readiness_and_early_fraction,implemented,f3-compare-fractions,Core release,Drafted,initial-node-package,Synthetic,mastery-node-config,2,0,14,5,blocked;emerging;provisional;secure;unstable,4,direct_performance;meaning;transfer;retention,3,0.9,true,true,14,CapabilityNode;MathematicsNode
F4,add_subtract_like_denominator_fractions,f4-add-subtract-like-denominator-fractions,mathematics,master_knowledge_graph,F,fraction_readiness_and_early_fraction,implemented,f4-like-denominator-fraction-addition-subtraction,Core release,Drafted,initial-node-package,Synthetic,mastery-node-config,2,0,14,5,blocked;emerging;provisional;secure;unstable,4,direct_performance;meaning;transfer;retention,3,0.9,true,true,14,CapabilityNode;MathematicsNode
F5,add_subtract_unlike_denominator_fractions,f5-add-subtract-unlike-denominator-fractions,mathematics,master_knowledge_graph,F,fraction_readiness_and_early_fraction,implemented,f5-unlike-denominator-fraction-addition-subtraction,Core release,Drafted,initial-node-package,Synthetic,mastery-node-config,4,0,14,5,blocked;emerging;provisional;secure;unstable,4,direct_performance;meaning;transfer;retention,5,0.9,true,true,21,CapabilityNode;MathematicsNode
F6,fraction_magnitude_beyond_one_whole,f6-fraction-magnitude-beyond-one-whole,mathematics,master_knowledge_graph,F,fraction_readiness_and_early_fraction,implemented,f6-fraction-magnitude-beyond-one-whole,Core release,Drafted,upstream-readiness-node-package,,artifact-index-config,1,13,14,0,,0,,0,,,,,CapabilityNode;MathematicsNode
Q1,ratio_as_multiplicative_comparison,q1-ratio-as-multiplicative-comparison,mathematics,master_knowledge_graph,Q,ratio_and_proportional_reasoning,implemented,q1-ratio-as-multiplicative-comparison,Core release,Drafted,upstream-readiness-node-package,,artifact-index-config,2,13,14,0,,0,,0,,,,,CapabilityNode;MathematicsNode
Q2,unit_rate_reasoning,q2-unit-rate-reasoning,mathematics,master_knowledge_graph,Q,ratio_and_proportional_reasoning,implemented,q2-unit-rate-reasoning,Core release,Drafted,upstream-readiness-node-package,,artifact-index-config,2,13,14,0,,0,,0,,,,,CapabilityNode;MathematicsNode
Q3,proportional_relationships,q3-proportional-relationships,mathematics,master_knowledge_graph,Q,ratio_and_proportional_reasoning,implemented,q3-proportional-relationships,Core release,Drafted,upstream-readiness-node-package,,artifact-index-config,2,13,14,0,,0,,0,,,,,CapabilityNode;MathematicsNode
Q4,percent_as_rate_per_hundred,q4-percent-as-rate-per-hundred,mathematics,master_knowledge_graph,Q,ratio_and_proportional_reasoning,implemented,q4-percent-as-rate-per-hundred,Core release,Drafted,upstream-readiness-node-package,,artifact-index-config,3,13,14,0,,0,,0,,,,,CapabilityNode;MathematicsNode
S1,signed_number_meaning,s1-signed-number-meaning,mathematics,master_knowledge_graph,A,downstream_algebra_and_coordinate_reasoning,implemented,s1-signed-number-meaning,Core release,Drafted,upstream-readiness-node-package,Synthetic,mastery-node-config,1,0,14,5,blocked;emerging;provisional;secure;unstable,4,direct_performance;meaning;transfer;retention,4,0.9,true,true,14,CapabilityNode;MathematicsNode
S2,signed_number_operations,s2-signed-number-operations,mathematics,master_knowledge_graph,A,downstream_algebra_and_coordinate_reasoning,implemented,s2-signed-number-operations,Core release,Drafted,upstream-readiness-node-package,Synthetic,mastery-node-config,1,0,14,5,blocked;emerging;provisional;secure;unstable,4,direct_performance;meaning;transfer;retention,4,0.9,true,true,21,CapabilityNode;MathematicsNode
E1,one_step_equations,e1-one-step-equations,mathematics,master_knowledge_graph,A,downstream_algebra_and_coordinate_reasoning,implemented,e1-one-step-equations,Core release,Drafted,upstream-readiness-node-package,Synthetic,mastery-node-config,1,0,14,5,blocked;emerging;provisional;secure;unstable,4,direct_performance;meaning;transfer;retention,4,0.9,true,true,21,CapabilityNode;MathematicsNode
E2,multi_step_equations,e2-multi-step-equations,mathematics,master_knowledge_graph,A,downstream_algebra_and_coordinate_reasoning,implemented,e2-multi-step-equations,Core release,Drafted,upstream-readiness-node-package,Synthetic,mastery-node-config,1,0,14,5,blocked;emerging;provisional;secure;unstable,4,direct_performance;meaning;transfer;retention,4,0.88,true,true,21,CapabilityNode;MathematicsNode
E3,variables_both_sides,e3-variables-both-sides,mathematics,master_knowledge_graph,A,downstream_algebra_and_coordinate_reasoning,implemented,e3-variables-on-both-sides,Core release,Drafted,upstream-readiness-node-package,Synthetic,mastery-node-config,1,0,14,5,blocked;emerging;provisional;secure;unstable,4,direct_performance;meaning;transfer;retention,4,0.85,true,true,28,CapabilityNode;MathematicsNode
A1,variable_expressions_and_substitution,a1-variable-expressions-and-substitution,mathematics,master_knowledge_graph,A,downstream_algebra_and_coordinate_reasoning,implemented,a1-variable-expressions-and-substitution,Core release,Drafted,upstream-readiness-node-package,,artifact-index-config,2,13,14,0,,0,,0,,,,,CapabilityNode;MathematicsNode
A2,distributive_reasoning_and_combining_like_terms,a2-distributive-reasoning-and-combining-like-terms,mathematics,master_knowledge_graph,A,downstream_algebra_and_coordinate_reasoning,implemented,a2-distributive-reasoning-and-combining-like-terms,Core release,Drafted,upstream-readiness-node-package,,artifact-index-config,2,13,14,0,,0,,0,,,,,CapabilityNode;MathematicsNode
A3,inequalities_and_solution_sets,a3-inequalities-and-solution-sets,mathematics,master_knowledge_graph,A,downstream_algebra_and_coordinate_reasoning,implemented,a3-inequalities-and-solution-sets,Core release,Drafted,upstream-readiness-node-package,,artifact-index-config,3,13,14,0,,0,,0,,,,,CapabilityNode;MathematicsNode
A4,coordinate_plane_and_ordered_pairs,a4-coordinate-plane-and-ordered-pairs,mathematics,master_knowledge_graph,A,downstream_algebra_and_coordinate_reasoning,implemented,a4-coordinate-plane-and-ordered-pairs,Core release,Drafted,upstream-readiness-node-package,,artifact-index-config,2,13,14,0,,0,,0,,,,,CapabilityNode;MathematicsNode
A5,linear_relationship_tables_and_graphs,a5-linear-relationship-tables-and-graphs,mathematics,master_knowledge_graph,A,downstream_algebra_and_coordinate_reasoning,implemented,a5-linear-relationship-tables-and-graphs,Core release,Drafted,upstream-readiness-node-package,,artifact-index-config,3,13,14,0,,0,,0,,,,,CapabilityNode;MathematicsNode
J1,rational_number_addition_and_subtraction,j1-rational-number-addition-and-subtraction,mathematics,master_knowledge_graph,J,rational_number_operations_and_middle_school_computation,implemented,j1-rational-number-addition-and-subtraction,Core release,Drafted,upstream-readiness-node-package,,artifact-index-config,3,13,14,0,,0,,0,,,,,CapabilityNode;MathematicsNode
J2,rational_number_multiplication_and_division,j2-rational-number-multiplication-and-division,mathematics,master_knowledge_graph,J,rational_number_operations_and_middle_school_computation,implemented,j2-rational-number-multiplication-and-division,Core release,Drafted,upstream-readiness-node-package,,artifact-index-config,3,13,14,0,,0,,0,,,,,CapabilityNode;MathematicsNode
J3,signed_rational_number_fluency_and_order,j3-signed-rational-number-fluency-and-order,mathematics,master_knowledge_graph,J,rational_number_operations_and_middle_school_computation,implemented,j3-signed-rational-number-fluency-and-order,Core release,Drafted,upstream-readiness-node-package,,artifact-index-config,3,13,14,0,,0,,0,,,,,CapabilityNode;MathematicsNode
J4,numerical_expressions_and_absolute_value,j4-numerical-expressions-and-absolute-value,mathematics,master_knowledge_graph,J,rational_number_operations_and_middle_school_computation,implemented,j4-numerical-expressions-and-absolute-value,Core release,Drafted,upstream-readiness-node-package,,artifact-index-config,2,13,14,0,,0,,0,,,,,CapabilityNode;MathematicsNode
J5,percent_change_discount_tax_and_markup,j5-percent-change-discount-tax-and-markup,mathematics,master_knowledge_graph,J,rational_number_operations_and_middle_school_computation,implemented,j5-percent-change-discount-tax-and-markup,Core release,Drafted,upstream-readiness-node-package,,artifact-index-config,3,13,14,0,,0,,0,,,,,CapabilityNode;MathematicsNode
J6,proportional_application_and_scale_modeling,j6-proportional-application-and-scale-modeling,mathematics,master_knowledge_graph,J,rational_number_operations_and_middle_school_computation,implemented,j6-proportional-application-and-scale-modeling,Core release,Drafted,upstream-readiness-node-package,,artifact-index-config,3,13,14,0,,0,,0,,,,,CapabilityNode;MathematicsNode
K1,variable_relationships_and_independent_dependent_quantities,k1-variable-relationships-and-independent-dependent-quantities,mathematics,master_knowledge_graph,K,functions_and_secondary_linear_algebra,implemented,k1-variable-relationships-and-independent-dependent-quantities,Core release,Drafted,upstream-readiness-node-package,,artifact-index-config,2,13,14,0,,0,,0,,,,,CapabilityNode;MathematicsNode
K2,function_as_input_output_rule,k2-function-as-input-output-rule,mathematics,master_knowledge_graph,K,functions_and_secondary_linear_algebra,implemented,k2-function-as-input-output-rule,Core release,Drafted,upstream-readiness-node-package,,artifact-index-config,2,13,14,0,,0,,0,,,,,CapabilityNode;MathematicsNode
K3,slope_rate_of_change_and_linear_growth,k3-slope-rate-of-change-and-linear-growth,mathematics,master_knowledge_graph,K,functions_and_secondary_linear_algebra,implemented,k3-slope-rate-of-change-and-linear-growth,Core release,Drafted,upstream-readiness-node-package,,artifact-index-config,3,13,14,0,,0,,0,,,,,CapabilityNode;MathematicsNode
K4,linear_equations_in_two_variables,k4-linear-equations-in-two-variables,mathematics,master_knowledge_graph,K,functions_and_secondary_linear_algebra,implemented,k4-linear-equations-in-two-variables,Core release,Drafted,upstream-readiness-node-package,,artifact-index-config,3,13,14,0,,0,,0,,,,,CapabilityNode;MathematicsNode
K5,linear_functions_multiple_representations,k5-linear-functions-multiple-representations,mathematics,master_knowledge_graph,K,functions_and_secondary_linear_algebra,implemented,k5-linear-functions-multiple-representations,Core release,Drafted,upstream-readiness-node-package,,artifact-index-config,3,13,14,0,,0,,0,,,,,CapabilityNode;MathematicsNode
K6,systems_of_linear_equations_and_inequalities,k6-systems-of-linear-equations-and-inequalities,mathematics,master_knowledge_graph,K,functions_and_secondary_linear_algebra,implemented,k6-systems-of-linear-equations-and-inequalities,Core release,Drafted,upstream-readiness-node-package,,artifact-index-config,3,13,14,0,,0,,0,,,,,CapabilityNode;MathematicsNode
K7,quadratic_foundations,k7-quadratic-foundations,mathematics,master_knowledge_graph,K,functions_and_secondary_linear_algebra,implemented,k7-quadratic-foundations,Core release,Drafted,upstream-readiness-node-package,,artifact-index-config,3,13,14,0,,0,,0,,,,,CapabilityNode;MathematicsNode
H1,transformations_and_coordinate_symmetry,h1-transformations-and-coordinate-symmetry,mathematics,master_knowledge_graph,H,secondary_geometry_transformations_and_proof,implemented,h1-rigid-transformations-and-congruence,Core release,Drafted,upstream-readiness-node-package,,artifact-index-config,3,13,14,0,,0,,0,,,,,CapabilityNode;MathematicsNode
H2,congruence_and_similarity_via_transformations,h2-congruence-and-similarity-via-transformations,mathematics,master_knowledge_graph,H,secondary_geometry_transformations_and_proof,implemented,h2-congruence-and-similarity-via-transformations,Core release,Drafted,upstream-readiness-node-package,,artifact-index-config,3,13,14,0,,0,,0,,,,,CapabilityNode;MathematicsNode
H3,proof_structure_and_geometric_argument,h3-proof-structure-and-geometric-argument,mathematics,master_knowledge_graph,H,secondary_geometry_transformations_and_proof,implemented,h3-proof-structure-and-geometric-argument,Core release,Drafted,upstream-readiness-node-package,,artifact-index-config,3,13,14,0,,0,,0,,,,,CapabilityNode;MathematicsNode
H4,right_triangle_trigonometric_ratio_foundations,h4-right-triangle-trigonometric-ratio-foundations,mathematics,master_knowledge_graph,H,secondary_geometry_transformations_and_proof,implemented,h4-right-triangle-trigonometric-ratio-foundations,Core release,Drafted,upstream-readiness-node-package,,artifact-index-config,3,13,14,0,,0,,0,,,,,CapabilityNode;MathematicsNode
H5,circles_measurement_and_coordinate_geometry,h5-circles-measurement-and-coordinate-geometry,mathematics,master_knowledge_graph,H,secondary_geometry_transformations_and_proof,implemented,h5-circles-measurement-and-coordinate-geometry,Core release,Drafted,upstream-readiness-node-package,,artifact-index-config,3,13,14,0,,0,,0,,,,,CapabilityNode;MathematicsNode
W1,statistical_distributions_and_variability,w1-statistical-distributions-and-variability,mathematics,master_knowledge_graph,W,secondary_statistics_and_probability,implemented,w1-statistical-distributions-and-variability,Core release,Drafted,upstream-readiness-node-package,,artifact-index-config,3,13,14,0,,0,,0,,,,,CapabilityNode;MathematicsNode
W2,bivariate_data_and_linear_association,w2-bivariate-data-and-linear-association,mathematics,master_knowledge_graph,W,secondary_statistics_and_probability,implemented,w2-bivariate-data-and-linear-association,Core release,Drafted,upstream-readiness-node-package,,artifact-index-config,2,13,14,0,,0,,0,,,,,CapabilityNode;MathematicsNode
W3,sampling_inference_and_study_design,w3-sampling-inference-and-study-design,mathematics,master_knowledge_graph,W,secondary_statistics_and_probability,implemented,w3-sampling-inference-and-study-design,Core release,Drafted,upstream-readiness-node-package,,artifact-index-config,2,13,14,0,,0,,0,,,,,CapabilityNode;MathematicsNode
W4,probability_models_and_compound_events,w4-probability-models-and-compound-events,mathematics,master_knowledge_graph,W,secondary_statistics_and_probability,implemented,w4-probability-models-and-compound-events,Core release,Drafted,upstream-readiness-node-package,,artifact-index-config,3,13,14,0,,0,,0,,,,,CapabilityNode;MathematicsNode
W5,sampling_distributions,w5-sampling-distributions,mathematics,master_knowledge_graph,W,secondary_statistics_and_probability,implemented,w5-sampling-distributions,Core release,Drafted,upstream-readiness-node-package,,artifact-index-config,2,13,14,0,,0,,0,,,,,CapabilityNode;MathematicsNode
W6,inference_for_proportions,w6-inference-for-proportions,mathematics,master_knowledge_graph,W,secondary_statistics_and_probability,implemented,w6-inference-for-proportions,Core release,Drafted,upstream-readiness-node-package,,artifact-index-config,2,13,14,0,,0,,0,,,,,CapabilityNode;MathematicsNode
W7,inference_for_means,w7-inference-for-means,mathematics,master_knowledge_graph,W,secondary_statistics_and_probability,implemented,w7-inference-for-means,Core release,Drafted,upstream-readiness-node-package,,artifact-index-config,2,13,14,0,,0,,0,,,,,CapabilityNode;MathematicsNode
W8,chi_square_reasoning,w8-chi-square-reasoning,mathematics,master_knowledge_graph,W,secondary_statistics_and_probability,implemented,w8-chi-square-reasoning,Core release,Drafted,upstream-readiness-node-package,,artifact-index-config,2,13,14,0,,0,,0,,,,,CapabilityNode;MathematicsNode
W9,inference_for_regression_slope,w9-inference-for-regression-slope,mathematics,master_knowledge_graph,W,secondary_statistics_and_probability,implemented,w9-inference-for-regression-slope,Core release,Drafted,upstream-readiness-node-package,,artifact-index-config,3,13,14,0,,0,,0,,,,,CapabilityNode;MathematicsNode
B1,polynomial_structure_and_operations,b1-polynomial-structure-and-operations,mathematics,master_knowledge_graph,B,advanced_algebra_trigonometry_and_precalculus,implemented,b1-polynomial-structure-and-operations,Core release,Drafted,upstream-readiness-node-package,,artifact-index-config,3,13,14,0,,0,,0,,,,,CapabilityNode;MathematicsNode
B2,rational_radical_and_exponential_functions,b2-rational-radical-and-exponential-functions,mathematics,master_knowledge_graph,B,advanced_algebra_trigonometry_and_precalculus,implemented,b2-rational-radical-and-exponential-functions,Core release,Drafted,upstream-readiness-node-package,,artifact-index-config,3,13,14,0,,0,,0,,,,,CapabilityNode;MathematicsNode
B3,logarithmic_and_inverse_function_reasoning,b3-logarithmic-and-inverse-function-reasoning,mathematics,master_knowledge_graph,B,advanced_algebra_trigonometry_and_precalculus,implemented,b3-logarithmic-and-inverse-function-reasoning,Core release,Drafted,upstream-readiness-node-package,,artifact-index-config,2,13,14,0,,0,,0,,,,,CapabilityNode;MathematicsNode
B4,trigonometric_functions_and_unit_circle,b4-trigonometric-functions-and-unit-circle,mathematics,master_knowledge_graph,B,advanced_algebra_trigonometry_and_precalculus,implemented,b4-trigonometric-functions-and-unit-circle,Core release,Drafted,upstream-readiness-node-package,,artifact-index-config,3,13,14,0,,0,,0,,,,,CapabilityNode;MathematicsNode
B5,precalculus_function_synthesis_and_limits_foundations,b5-precalculus-function-synthesis-and-limits-foundations,mathematics,master_knowledge_graph,B,advanced_algebra_trigonometry_and_precalculus,implemented,b5-precalculus-function-synthesis-and-limits-foundations,Core release,Drafted,upstream-readiness-node-package,,artifact-index-config,3,13,14,0,,0,,0,,,,,CapabilityNode;MathematicsNode
B6,trigonometric_identities_equations_and_analytic_trig,b6-trigonometric-identities-equations-and-analytic-trig,mathematics,master_knowledge_graph,B,advanced_algebra_trigonometry_and_precalculus,implemented,b6-trigonometric-identities-equations-and-analytic-trig,Core release,Drafted,upstream-readiness-node-package,,artifact-index-config,3,13,14,0,,0,,0,,,,,CapabilityNode;MathematicsNode
B7,sequences_series_and_recursive_structure,b7-sequences-series-and-recursive-structure,mathematics,master_knowledge_graph,B,advanced_algebra_trigonometry_and_precalculus,implemented,b7-sequences-series-and-recursive-structure,Core release,Drafted,upstream-readiness-node-package,,artifact-index-config,2,13,14,0,,0,,0,,,,,CapabilityNode;MathematicsNode
B8,complex_numbers_and_quadratic_extensions,b8-complex-numbers-and-quadratic-extensions,mathematics,master_knowledge_graph,B,advanced_algebra_trigonometry_and_precalculus,implemented,b8-complex-numbers-and-quadratic-extensions,Core release,Drafted,upstream-readiness-node-package,,artifact-index-config,2,13,14,0,,0,,0,,,,,CapabilityNode;MathematicsNode
B9,conic_sections_and_coordinate_models,b9-conic-sections-and-coordinate-models,mathematics,master_knowledge_graph,B,advanced_algebra_trigonometry_and_precalculus,implemented,b9-conic-sections-and-coordinate-models,Core release,Drafted,upstream-readiness-node-package,,artifact-index-config,3,13,14,0,,0,,0,,,,,CapabilityNode;MathematicsNode
B10,vectors_matrices_and_parametric_foundations,b10-vectors-matrices-and-parametric-foundations,mathematics,master_knowledge_graph,B,advanced_algebra_trigonometry_and_precalculus,implemented,b10-vectors-matrices-and-parametric-foundations,Core release,Drafted,upstream-readiness-node-package,,artifact-index-config,3,13,14,0,,0,,0,,,,,CapabilityNode;MathematicsNode
AP1,ap_statistics_extension,ap1-ap-statistics-extension,mathematics,master_knowledge_graph,AP,advanced_placement_mathematics_pathways,implemented,ap1-ap-statistics-extension,Core release,Drafted,upstream-readiness-node-package,,artifact-index-config,7,13,14,0,,0,,0,,,,,CapabilityNode;MathematicsNode
AP2,ap_precalculus_extension,ap2-ap-precalculus-extension,mathematics,master_knowledge_graph,AP,advanced_placement_mathematics_pathways,implemented,ap2-ap-precalculus-extension,Core release,Drafted,upstream-readiness-node-package,,artifact-index-config,4,13,14,0,,0,,0,,,,,CapabilityNode;MathematicsNode
AP3,limits_and_continuity,ap3-limits-and-continuity,mathematics,master_knowledge_graph,AP,advanced_placement_mathematics_pathways,implemented,ap3-calculus-limits-and-derivatives,Core release,Drafted,upstream-readiness-node-package,,artifact-index-config,2,13,14,0,,0,,0,,,,,CapabilityNode;MathematicsNode
AP4,derivative_rules_and_computation,ap4-derivative-rules-and-computation,mathematics,master_knowledge_graph,AP,advanced_placement_mathematics_pathways,implemented,ap4-integral-accumulation-and-fundamental-theorem,Core release,Drafted,upstream-readiness-node-package,,artifact-index-config,1,13,14,0,,0,,0,,,,,CapabilityNode;MathematicsNode
AP5,applications_of_derivatives,ap5-applications-of-derivatives,mathematics,master_knowledge_graph,AP,advanced_placement_mathematics_pathways,implemented,ap5-bc-series-and-advanced-calculus-extensions,Core release,Drafted,upstream-readiness-node-package,,artifact-index-config,1,13,14,0,,0,,0,,,,,CapabilityNode;MathematicsNode
AP6,integral_meaning_and_accumulation,ap6-integral-meaning-and-accumulation,mathematics,master_knowledge_graph,AP,advanced_placement_mathematics_pathways,implemented,ap6-integral-meaning-and-accumulation,Core release,Drafted,upstream-readiness-node-package,,artifact-index-config,2,13,14,0,,0,,0,,,,,CapabilityNode;MathematicsNode
AP7,applications_of_integration,ap7-applications-of-integration,mathematics,master_knowledge_graph,AP,advanced_placement_mathematics_pathways,implemented,ap7-applications-of-integration,Core release,Drafted,upstream-readiness-node-package,,artifact-index-config,2,13,14,0,,0,,0,,,,,CapabilityNode;MathematicsNode
AP8,differential_equations_foundations,ap8-differential-equations-foundations,mathematics,master_knowledge_graph,AP,advanced_placement_mathematics_pathways,implemented,ap8-differential-equations-foundations,Core release,Drafted,upstream-readiness-node-package,,artifact-index-config,2,13,14,0,,0,,0,,,,,CapabilityNode;MathematicsNode
AP9,bc_series_and_advanced_calculus_extensions,ap9-bc-series-and-advanced-calculus-extensions,mathematics,master_knowledge_graph,AP,advanced_placement_mathematics_pathways,implemented,ap9-bc-series-and-advanced-calculus-extensions,Core release,Drafted,upstream-readiness-node-package,,artifact-index-config,2,13,14,0,,0,,0,,,,,CapabilityNode;MathematicsNode
